type,name,module,path,hash
"csv","agent-manifest","_config","_config/agent-manifest.csv","56c27c9ef8cb375f436bf3f5d091ce9cb4117093aa14307d74865c834f8f4d47"
"csv","task-manifest","_config","_config/task-manifest.csv","4d40aa929231dc109a3e2183cf0238e77340e7f2d884045bde4e334d04571bd6"
"csv","workflow-manifest","_config","_config/workflow-manifest.csv","0b8e8180460de6a7871d24560faab1f7ab8752f2073743005405db83ac8409d0"
"yaml","manifest","_config","_config/manifest.yaml","51140cc3422917ce5cb9b5d3abddc555f7f763b17161697de80e18fa37f762e1"
"md","documentation-standards","_memory","_memory/tech-writer-sidecar/documentation-standards.md","b046192ee42fcd1a3e9b2ae6911a0db38510323d072c8d75bad0594f943039e4"
"md","stories-told","_memory","_memory/storyteller-sidecar/stories-told.md","47ee9e599595f3d9daf96d47bcdacf55eeb69fbe5572f6b08a8f48c543bc62de"
"md","story-preferences","_memory","_memory/storyteller-sidecar/story-preferences.md","b70dbb5baf3603fdac12365ef24610685cba3b68a9bc41b07bbe455cbdcc0178"
"yaml","config","_memory","_memory/config.yaml","f41466b8c81e7497a6705261e425829a8236bfa80bcc6e229c611ad6ec0cd6b1"
"csv","default-party","bmm","bmm/teams/default-party.csv","5af107a5b9e9092aeb81bd8c8b9bbe7003afb7bc500e64d56da7cc27ae0c4a6e"
"csv","documentation-requirements","bmm","bmm/workflows/bmad-document-project/documentation-requirements.csv","d1253b99e88250f2130516b56027ed706e643bfec3d99316727a4c6ec65c6c1d"
"csv","domain-complexity","bmm","bmm/workflows/2-plan-workflows/bmad-validate-prd/data/domain-complexity.csv","f775f09fb4dc1b9214ca22db4a3994ce53343d976d7f6e5384949835db6d2770"
"csv","domain-complexity","bmm","bmm/workflows/2-plan-workflows/create-prd/data/domain-complexity.csv","f775f09fb4dc1b9214ca22db4a3994ce53343d976d7f6e5384949835db6d2770"
"csv","domain-complexity","bmm","bmm/workflows/3-solutioning/bmad-create-architecture/data/domain-complexity.csv","3dc34ed39f1fc79a51f7b8fc92087edb7cd85c4393a891d220f2e8dd5a101c70"
"csv","module-help","bmm","bmm/module-help.csv","fb0af1dca0d50b86687d16e8cb486860aa4458c0874e72ab6ea113ae653c3786"
"csv","project-types","bmm","bmm/workflows/2-plan-workflows/bmad-validate-prd/data/project-types.csv","7a01d336e940fb7a59ff450064fd1194cdedda316370d939264a0a0adcc0aca3"
"csv","project-types","bmm","bmm/workflows/2-plan-workflows/create-prd/data/project-types.csv","7a01d336e940fb7a59ff450064fd1194cdedda316370d939264a0a0adcc0aca3"
"csv","project-types","bmm","bmm/workflows/3-solutioning/bmad-create-architecture/data/project-types.csv","12343635a2f11343edb1d46906981d6f5e12b9cad2f612e13b09460b5e5106e7"
"json","bmad-manifest","bmm","bmm/workflows/1-analysis/bmad-product-brief-preview/bmad-manifest.json","692d2c28e128e5b79ec9e321e8106fa34a314bf8f5581d7ab99b876d2d3ab070"
"json","project-scan-report-schema","bmm","bmm/workflows/bmad-document-project/templates/project-scan-report-schema.json","8466965321f1db22f5013869636199f67e0113706283c285a7ffbbf5efeea321"
"md","architecture-decision-template","bmm","bmm/workflows/3-solutioning/bmad-create-architecture/architecture-decision-template.md","5d9adf90c28df61031079280fd2e49998ec3b44fb3757c6a202cda353e172e9f"
"md","artifact-analyzer","bmm","bmm/workflows/1-analysis/bmad-product-brief-preview/agents/artifact-analyzer.md","dcd8c4bb367fa48ff99c26565d164323b2ae057b09642ba7d1fda1683262be2d"
"md","brief-template","bmm","bmm/workflows/1-analysis/bmad-product-brief-preview/resources/brief-template.md","d42f0ef6b154b5c314090be393febabd61de3d8de1ecf926124d40d418552b4b"
"md","checklist","bmm","bmm/workflows/4-implementation/bmad-correct-course/checklist.md","d068cfc00d8e4a6bb52172a90eb2e7a47f2441ffb32cdee15eeca220433284a3"
"md","checklist","bmm","bmm/workflows/4-implementation/bmad-create-story/checklist.md","b94e28e774c3be0288f04ea163424bece4ddead5cd3f3680d1603ed07383323a"
"md","checklist","bmm","bmm/workflows/4-implementation/bmad-dev-story/checklist.md","630b68c6824a8785003a65553c1f335222b17be93b1bd80524c23b38bde1d8af"
"md","checklist","bmm","bmm/workflows/4-implementation/bmad-sprint-planning/checklist.md","80b10aedcf88ab1641b8e5f99c9a400c8fd9014f13ca65befc5c83992e367dd7"
"md","checklist","bmm","bmm/workflows/bmad-document-project/checklist.md","581b0b034c25de17ac3678db2dbafedaeb113de37ddf15a4df6584cf2324a7d7"
"md","checklist","bmm","bmm/workflows/bmad-qa-generate-e2e-tests/checklist.md","83cd779c6527ff34184dc86f9eebfc0a8a921aee694f063208aee78f80a8fb12"
"md","contextual-discovery","bmm","bmm/workflows/1-analysis/bmad-product-brief-preview/prompts/contextual-discovery.md","96e1cbe24bece94e8a81b7966cb2dd470472aded69dcf906f4251db74dd72a03"
"md","deep-dive-instructions","bmm","bmm/workflows/bmad-document-project/workflows/deep-dive-instructions.md","da91056a0973a040fe30c2c0be074e5805b869a9a403b960983157e876427306"
"md","deep-dive-template","bmm","bmm/workflows/bmad-document-project/templates/deep-dive-template.md","6198aa731d87d6a318b5b8d180fc29b9aa53ff0966e02391c17333818e94ffe9"
"md","deep-dive-workflow","bmm","bmm/workflows/bmad-document-project/workflows/deep-dive-workflow.md","a64d98dfa3b771df2853c4fa19a4e9c90d131e409e13b4c6f5e494d6ac715125"
"md","discover-inputs","bmm","bmm/workflows/4-implementation/bmad-create-story/discover-inputs.md","dfedba6a8ea05c9a91c6d202c4b29ee3ea793d8ef77575034787ae0fef280507"
"md","draft-and-review","bmm","bmm/workflows/1-analysis/bmad-product-brief-preview/prompts/draft-and-review.md","ab191df10103561a9ab7ed5c8f29a8ec4fce25e4459da8e9f3ec759f236f4976"
"md","epics-template","bmm","bmm/workflows/3-solutioning/bmad-create-epics-and-stories/templates/epics-template.md","a804f740155156d89661fa04e7a4264a8f712c4dc227c44fd8ae804a9b0f6b72"
"md","finalize","bmm","bmm/workflows/1-analysis/bmad-product-brief-preview/prompts/finalize.md","ca6d125ff9b536c9e7737c7b4a308ae4ec622ee7ccdc6c4c4abc8561089295ee"
"md","full-scan-instructions","bmm","bmm/workflows/bmad-document-project/workflows/full-scan-instructions.md","0544abae2476945168acb0ed48dd8b3420ae173cf46194fe77d226b3b5e7d7ae"
"md","full-scan-workflow","bmm","bmm/workflows/bmad-document-project/workflows/full-scan-workflow.md","3bff88a392c16602bd44730f32483505e73e65e46e82768809c13a0a5f55608b"
"md","guided-elicitation","bmm","bmm/workflows/1-analysis/bmad-product-brief-preview/prompts/guided-elicitation.md","445b7fafb5c1c35a238958d015d413c71ebb8fd3e29dc59d9d68fb581546ee54"
"md","index-template","bmm","bmm/workflows/bmad-document-project/templates/index-template.md","42c8a14f53088e4fda82f26a3fe41dc8a89d4bcb7a9659dd696136378b64ee90"
"md","instructions","bmm","bmm/workflows/bmad-document-project/instructions.md","9f4bc3a46559ffd44289b0d61a0f8f26f829783aa1c0e2a09dfa807fa93eb12f"
"md","opportunity-reviewer","bmm","bmm/workflows/1-analysis/bmad-product-brief-preview/agents/opportunity-reviewer.md","3b6d770c45962397bfecce5d4b001b03fc0e577aa75f7932084b56efe41edc07"
"md","prd-purpose","bmm","bmm/workflows/2-plan-workflows/bmad-validate-prd/data/prd-purpose.md","49c4641b91504bb14e3887029b70beacaff83a2de200ced4f8cb11c1356ecaee"
"md","prd-purpose","bmm","bmm/workflows/2-plan-workflows/create-prd/data/prd-purpose.md","49c4641b91504bb14e3887029b70beacaff83a2de200ced4f8cb11c1356ecaee"
"md","product-brief.template","bmm","bmm/workflows/1-analysis/bmad-create-product-brief/product-brief.template.md","6ac4dc09b974bb8a75d7de999176277ffca164b09e9bdb0f409a83c7795335fd"
"md","project-context-template","bmm","bmm/data/project-context-template.md","facd60b71649247146700b1dc7d709fa0ae09487f7cf2b5ff8f5ce1b3a8427e8"
"md","project-context-template","bmm","bmm/workflows/bmad-generate-project-context/project-context-template.md","54e351394ceceb0ac4b5b8135bb6295cf2c37f739c7fd11bb895ca16d79824a5"
"md","project-overview-template","bmm","bmm/workflows/bmad-document-project/templates/project-overview-template.md","a7c7325b75a5a678dca391b9b69b1e3409cfbe6da95e70443ed3ace164e287b2"
"md","readiness-report-template","bmm","bmm/workflows/3-solutioning/bmad-check-implementation-readiness/templates/readiness-report-template.md","0da97ab1e38818e642f36dc0ef24d2dae69fc6e0be59924dc2dbf44329738ff6"
"md","research.template","bmm","bmm/workflows/1-analysis/research/bmad-domain-research/research.template.md","507bb6729476246b1ca2fca4693986d286a33af5529b6cd5cb1b0bb5ea9926ce"
"md","research.template","bmm","bmm/workflows/1-analysis/research/bmad-market-research/research.template.md","507bb6729476246b1ca2fca4693986d286a33af5529b6cd5cb1b0bb5ea9926ce"
"md","research.template","bmm","bmm/workflows/1-analysis/research/bmad-technical-research/research.template.md","507bb6729476246b1ca2fca4693986d286a33af5529b6cd5cb1b0bb5ea9926ce"
"md","research.template","bmm","bmm/workflows/1-analysis/research/research.template.md","507bb6729476246b1ca2fca4693986d286a33af5529b6cd5cb1b0bb5ea9926ce"
"md","skeptic-reviewer","bmm","bmm/workflows/1-analysis/bmad-product-brief-preview/agents/skeptic-reviewer.md","fc1642dff30b49032db63f6518c5b34d3932c9efefaea2681186eb963b207b97"
"md","SKILL","bmm","bmm/workflows/1-analysis/bmad-create-product-brief/SKILL.md","154b6404ccf3113b030808907711ff9c0332b2e2b87b4d6fac3e7b2877a65f74"
"md","SKILL","bmm","bmm/workflows/1-analysis/bmad-product-brief-preview/SKILL.md","639cda59993b8c11bb3d2364d1c6778446bdb6ab43e73258a03ba67094ce3025"
"md","SKILL","bmm","bmm/workflows/1-analysis/research/bmad-domain-research/SKILL.md","0b6db1a213822a1347f4d8ccde0c68e468c5c1d53f783e25ab8c4d2c5f56a646"
"md","SKILL","bmm","bmm/workflows/1-analysis/research/bmad-market-research/SKILL.md","10418839dc2ea3ee32215cf401b9098590f3a3437e76b1e72b4c24edd3562be0"
"md","SKILL","bmm","bmm/workflows/1-analysis/research/bmad-technical-research/SKILL.md","1f3d94b202b3888ffafccca6fc1f76e7554628c88ea5f76e12d206ba9f8f55aa"
"md","SKILL","bmm","bmm/workflows/2-plan-workflows/bmad-create-ux-design/SKILL.md","ef05bacf1fbb599bd87b2780f6a5f85cfc3b4ab7e7eb2c0f5376899a1663c5a5"
"md","SKILL","bmm","bmm/workflows/2-plan-workflows/bmad-edit-prd/SKILL.md","d18f34c8efcaeb90204989c79f425585d0e872ac02f231f3832015b100d0d04b"
"md","SKILL","bmm","bmm/workflows/2-plan-workflows/bmad-validate-prd/SKILL.md","34241cb23b07aae6e931899abb998974ccdb1a2586c273f2f448aff8a0407c52"
"md","SKILL","bmm","bmm/workflows/3-solutioning/bmad-check-implementation-readiness/SKILL.md","307f083fc05c9019b5e12317576965acbcfbd4774cf64ef56c7afcb15d00a199"
"md","SKILL","bmm","bmm/workflows/3-solutioning/bmad-create-architecture/SKILL.md","ed60779d105d4d55f9d182fcdfd4a48b361330cd15120fef8b9d8a2a2432e3bf"
"md","SKILL","bmm","bmm/workflows/3-solutioning/bmad-create-epics-and-stories/SKILL.md","ec3675d2ab763e7050e5cc2975326b4a37c68ebbc2f4d27458d552f4071939d4"
"md","SKILL","bmm","bmm/workflows/4-implementation/bmad-code-review/SKILL.md","baca10e0257421b41bb07dc23cd4768e57f55f1aebe7b19e702d0b77a7f39a01"
"md","SKILL","bmm","bmm/workflows/4-implementation/bmad-correct-course/SKILL.md","400a2fd76a3818b9023a1a69a6237c20b93b5dd51dce1d507a38c10baaaba8cd"
"md","SKILL","bmm","bmm/workflows/4-implementation/bmad-create-story/SKILL.md","b1d6b9fbfee53246b46ae1096ada624d1e60c21941e2054fee81c46e1ec079d5"
"md","SKILL","bmm","bmm/workflows/4-implementation/bmad-dev-story/SKILL.md","60df7fead13be7cc33669f34fe4d929d95655f8e839f7e5cd5bb715313e17133"
"md","SKILL","bmm","bmm/workflows/4-implementation/bmad-retrospective/SKILL.md","d5bfc70a01ac9f131716827b5345cf3f7bfdda562c7c66ea2c7a7bd106f44e23"
"md","SKILL","bmm","bmm/workflows/4-implementation/bmad-sprint-planning/SKILL.md","7b5f68dcf95c8c9558bda0e4ba55637b0e8f9254577d7ac28072bb9f22c63d94"
"md","SKILL","bmm","bmm/workflows/4-implementation/bmad-sprint-status/SKILL.md","fc393cadb4a05050cb847471babbc10ecb65f0cb85da6e61c2cec65bb5dfc73d"
"md","SKILL","bmm","bmm/workflows/bmad-document-project/SKILL.md","f4020613aec74bfeed2661265df35bb8a6f5ef9478c013182e6b5493bed5ce75"
"md","SKILL","bmm","bmm/workflows/bmad-generate-project-context/SKILL.md","504447984a6c5ea30a14e4dacdd6627dc6bec67d6d51eddd2f328d74db8e6a82"
"md","SKILL","bmm","bmm/workflows/bmad-qa-generate-e2e-tests/SKILL.md","2915faf44ebc7bb2783c206bf1e4b82bbff6b35651aa01e33b270ab244ce2dc6"
"md","SKILL","bmm","bmm/workflows/bmad-quick-flow/bmad-quick-dev/SKILL.md","ea5c5f23cfa19bc132b568ecd516e7c075ffd101fd2f9139dee6413333c9da4d"
"md","SKILL","bmm","bmm/workflows/bmad-quick-flow/bmad-quick-dev-new-preview/SKILL.md","85126707c672676f09e9a1c955bf7dfb08507be41e47a3c59b4fa065d021ab50"
"md","SKILL","bmm","bmm/workflows/bmad-quick-flow/bmad-quick-spec/SKILL.md","4b79390ffba764261ff6d2d3002a7faa830a2c89662c7e4cd1c92d9add8b9507"
"md","source-tree-template","bmm","bmm/workflows/bmad-document-project/templates/source-tree-template.md","109bc335ebb22f932b37c24cdc777a351264191825444a4d147c9b82a1e2ad7a"
"md","step-01-clarify-and-route","bmm","bmm/workflows/bmad-quick-flow/bmad-quick-dev-new-preview/steps/step-01-clarify-and-route.md","47044d33b3c004016ad09e29af90c9c99b132ecdab1000e927c2e3a057b28265"
"md","step-01-discover","bmm","bmm/workflows/bmad-generate-project-context/steps/step-01-discover.md","8b2c8c7375f8a3c28411250675a28c0d0a9174e6c4e67b3d53619888439c4613"
"md","step-01-document-discovery","bmm","bmm/workflows/3-solutioning/bmad-check-implementation-readiness/steps/step-01-document-discovery.md","56e748671877fa3e34ffaab5c531801e7b72b6b59ee29a2f479e5f904a93d7af"
"md","step-01-gather-context","bmm","bmm/workflows/4-implementation/bmad-code-review/steps/step-01-gather-context.md","0f34561e504646085f5c74787f5b97ec656f0d041ee1dd8815dc93fab9fb1dd1"
"md","step-01-init","bmm","bmm/workflows/1-analysis/bmad-create-product-brief/steps/step-01-init.md","2c79023059274f49d3a9194d3fdf092d021277eb018a853233bda5552be95bf7"
"md","step-01-init","bmm","bmm/workflows/1-analysis/research/bmad-domain-research/domain-steps/step-01-init.md","efee243f13ef54401ded88f501967b8bc767460cec5561b2107fc03fe7b7eab1"
"md","step-01-init","bmm","bmm/workflows/1-analysis/research/bmad-market-research/steps/step-01-init.md","64d5501aea0c0005db23a0a4d9ee84cf4e9239f553c994ecc6b1356917967ccc"
"md","step-01-init","bmm","bmm/workflows/1-analysis/research/bmad-technical-research/technical-steps/step-01-init.md","c9a1627ecd26227e944375eb691e7ee6bc9f5db29a428a5d53e5d6aef8bb9697"
"md","step-01-init","bmm","bmm/workflows/1-analysis/research/market-steps/step-01-init.md","b2b030bc59dfe516e67f19d66f9c6d44d745343ccf2d726d4106290704aecdbd"
"md","step-01-init","bmm","bmm/workflows/2-plan-workflows/bmad-create-ux-design/steps/step-01-init.md","0b257533a0ce34d792f621da35325ec11cb883653e3ad546221ee1f0dee5edcd"
"md","step-01-init","bmm","bmm/workflows/3-solutioning/bmad-create-architecture/steps/step-01-init.md","5119205b712ebda0cd241c3daad217bb0f6fa9e6cb41d6635aec6b7fe83b838a"
"md","step-01-mode-detection","bmm","bmm/workflows/bmad-quick-flow/bmad-quick-dev/steps/step-01-mode-detection.md","d7ebcf5668d1f3adca3410fc578d48d42fa457cb2383586f9f2d790b8bee3f9e"
"md","step-01-understand","bmm","bmm/workflows/bmad-quick-flow/bmad-quick-spec/steps/step-01-understand.md","01877bf2b600dd86e8a62d763875cfc7304c2b85392b8891866c4547386249bb"
"md","step-01-validate-prerequisites","bmm","bmm/workflows/3-solutioning/bmad-create-epics-and-stories/steps/step-01-validate-prerequisites.md","5c2aabc871363d84fc2e12fd83a3889e9d752b6bd330e31a0067c96204dd4880"
"md","step-01b-continue","bmm","bmm/workflows/1-analysis/bmad-create-product-brief/steps/step-01b-continue.md","c3ad854e817ff3c9dce0a1e14d3b88aced00e903b228ecc1d3206e2ab4254941"
"md","step-01b-continue","bmm","bmm/workflows/2-plan-workflows/bmad-create-ux-design/steps/step-01b-continue.md","4d42c6b83eaa720975bf2206a7eea1a8c73ae922668cc2ef03d34c49ab066c19"
"md","step-01b-continue","bmm","bmm/workflows/3-solutioning/bmad-create-architecture/steps/step-01b-continue.md","4bf216008297dcea25f8be693109cf17879c621865b302c994cdd15aa5124e5f"
"md","step-02-context","bmm","bmm/workflows/3-solutioning/bmad-create-architecture/steps/step-02-context.md","4381c5128de7d5c02ac806a1263e3965754bd2598954f3188219fbd87567e5c9"
"md","step-02-context-gathering","bmm","bmm/workflows/bmad-quick-flow/bmad-quick-dev/steps/step-02-context-gathering.md","6c6e359ab32c0a7aebaa4417c1e3dd67e4d0682967a8469ff3ff781e9891f630"
"md","step-02-customer-behavior","bmm","bmm/workflows/1-analysis/research/bmad-market-research/steps/step-02-customer-behavior.md","bac4de244049f90d1f2eb95e2cc9389cc84966d9538077fef1ec9c35e4533849"
"md","step-02-customer-behavior","bmm","bmm/workflows/1-analysis/research/market-steps/step-02-customer-behavior.md","93d20ddbd5506bc1d604c3ce56b42185bfe6f34402c45760e4cb7bec627f52e9"
"md","step-02-design-epics","bmm","bmm/workflows/3-solutioning/bmad-create-epics-and-stories/steps/step-02-design-epics.md","44b8859c4f9e6c8275b44be1c8d36f5360b54db7c54b8d4d1b61e865b33d51d8"
"md","step-02-discovery","bmm","bmm/workflows/2-plan-workflows/bmad-create-ux-design/steps/step-02-discovery.md","9ffd5b31cc869b564e4d78cdc70767f0fb1b04db4c40201ccfa9dde75739fa8d"
"md","step-02-domain-analysis","bmm","bmm/workflows/1-analysis/research/bmad-domain-research/domain-steps/step-02-domain-analysis.md","385a288d9bbb0adf050bcce4da4dad198a9151822f9766900404636f2b0c7f9d"
"md","step-02-generate","bmm","bmm/workflows/bmad-generate-project-context/steps/step-02-generate.md","b1f063edae66a74026b67a79a245cec7ee85438bafcacfc70dcf6006b495e060"
"md","step-02-investigate","bmm","bmm/workflows/bmad-quick-flow/bmad-quick-spec/steps/step-02-investigate.md","0a7c274f4796fd7ace04f4cdbf37468a78c24e76923917bac6da975146c792ac"
"md","step-02-plan","bmm","bmm/workflows/bmad-quick-flow/bmad-quick-dev-new-preview/steps/step-02-plan.md","7b765b45990cc9094d8567fd5cd63774699f684675b7f43812024f60189d770c"
"md","step-02-prd-analysis","bmm","bmm/workflows/3-solutioning/bmad-check-implementation-readiness/steps/step-02-prd-analysis.md","47538848da0207cc929613ee9294ec317d05404ab19d7a9af612bf757d2a5950"
"md","step-02-review","bmm","bmm/workflows/4-implementation/bmad-code-review/steps/step-02-review.md","1e004061cb197b9f3f3b1d02cd16aefa4882ccbb26894ff5b71be7cfea6a518a"
"md","step-02-technical-overview","bmm","bmm/workflows/1-analysis/research/bmad-technical-research/technical-steps/step-02-technical-overview.md","9c7582241038b16280cddce86f2943216541275daf0a935dcab78f362904b305"
"md","step-02-vision","bmm","bmm/workflows/1-analysis/bmad-create-product-brief/steps/step-02-vision.md","7af0d00df3b7bc1ca66c6111f9f5b29a2b8285ea49ac5cf2cd53b60732c9a2c6"
"md","step-03-competitive-landscape","bmm","bmm/workflows/1-analysis/research/bmad-domain-research/domain-steps/step-03-competitive-landscape.md","f10aa088ba00c59491507f6519fb314139f8be6807958bb5fd1b66bff2267749"
"md","step-03-complete","bmm","bmm/workflows/bmad-generate-project-context/steps/step-03-complete.md","cf8d1d1904aeddaddb043c3c365d026cd238891cd702c2b78bae032a8e08ae17"
"md","step-03-core-experience","bmm","bmm/workflows/2-plan-workflows/bmad-create-ux-design/steps/step-03-core-experience.md","1f58c8a2f6872f468629ecb67e94f793af9d10d2804fe3e138eba03c090e00c5"
"md","step-03-create-stories","bmm","bmm/workflows/3-solutioning/bmad-create-epics-and-stories/steps/step-03-create-stories.md","c5b787a82e4e49ed9cd9c028321ee1689f32b8cd69d89eea609b37cd3d481afc"
"md","step-03-customer-pain-points","bmm","bmm/workflows/1-analysis/research/bmad-market-research/steps/step-03-customer-pain-points.md","5b2418ccaaa89291c593efed0311b3895faad1e9181800d382da823a8eb1312a"
"md","step-03-customer-pain-points","bmm","bmm/workflows/1-analysis/research/market-steps/step-03-customer-pain-points.md","4a224fb63d2814a1e2df9b82e42cb2573dc7ffacdf4e61a14a4763c433431a16"
"md","step-03-epic-coverage-validation","bmm","bmm/workflows/3-solutioning/bmad-check-implementation-readiness/steps/step-03-epic-coverage-validation.md","1935d218641b8e19af9764543ada4d04b58b2ba885a1c41a67194c8f1436d73d"
"md","step-03-execute","bmm","bmm/workflows/bmad-quick-flow/bmad-quick-dev/steps/step-03-execute.md","9b346f84377f0fac475605fda1dbb070cb4ed41336ed3dc31a4d99ce040b8cc8"
"md","step-03-generate","bmm","bmm/workflows/bmad-quick-flow/bmad-quick-spec/steps/step-03-generate.md","3a4f777c73a7a96bc70c05aaedd7a452b5e99122d14d070c543bd4043d1875b8"
"md","step-03-implement","bmm","bmm/workflows/bmad-quick-flow/bmad-quick-dev-new-preview/steps/step-03-implement.md","2f11662a04b4bfed65b40fa179ecbce0d5908d4ea1769bc97a83d296ac89764b"
"md","step-03-integration-patterns","bmm","bmm/workflows/1-analysis/research/bmad-technical-research/technical-steps/step-03-integration-patterns.md","005d517a2f962e2172e26b23d10d5e6684c7736c0d3982e27b2e72d905814ad9"
"md","step-03-starter","bmm","bmm/workflows/3-solutioning/bmad-create-architecture/steps/step-03-starter.md","b7727e0f37bc5325e15abad1c54bef716d617df423336090189efd1d307a0b3f"
"md","step-03-triage","bmm","bmm/workflows/4-implementation/bmad-code-review/steps/step-03-triage.md","aef650337811959193b570853a74c60aa31540587353a638b1d89c40395fccfa"
"md","step-03-users","bmm","bmm/workflows/1-analysis/bmad-create-product-brief/steps/step-03-users.md","1298d248531c70655fab8b0df7849baa2f0f3a82e2570a8acddcf4b6a1aaad51"
"md","step-04-architectural-patterns","bmm","bmm/workflows/1-analysis/research/bmad-technical-research/technical-steps/step-04-architectural-patterns.md","4636f23e9c585a7a0c90437a660609d913f16362c3557fc2e71d408d6b9f46ce"
"md","step-04-customer-decisions","bmm","bmm/workflows/1-analysis/research/bmad-market-research/steps/step-04-customer-decisions.md","f0bc25f2179b7490e7a6704159a32fc9e83ab616022355ed53acfe8e2f7059d5"
"md","step-04-customer-decisions","bmm","bmm/workflows/1-analysis/research/market-steps/step-04-customer-decisions.md","8a0c46828854693a7de16e148c3c9eb08b42409a2676b9a44b3cdffe06a577b3"
"md","step-04-decisions","bmm","bmm/workflows/3-solutioning/bmad-create-architecture/steps/step-04-decisions.md","7fc0ebb63ab5ad0efc470f1063c15f14f52f5d855da2382fd17576cf060a8763"
"md","step-04-emotional-response","bmm","bmm/workflows/2-plan-workflows/bmad-create-ux-design/steps/step-04-emotional-response.md","75724811b170c8897e230a49e968e1db357fef3387008b0906b5ff79a43dbff9"
"md","step-04-final-validation","bmm","bmm/workflows/3-solutioning/bmad-create-epics-and-stories/steps/step-04-final-validation.md","6be228c80a97a74fe6b2dca7ded26fdbca3524a4c8590942e150f24e16da68f3"
"md","step-04-metrics","bmm","bmm/workflows/1-analysis/bmad-create-product-brief/steps/step-04-metrics.md","21161be0a8206b81a16c9a325d96f1301cb83d1cd9a0090ae5632a27f16c5c60"
"md","step-04-present","bmm","bmm/workflows/4-implementation/bmad-code-review/steps/step-04-present.md","c1b4531f3960d1fa061c72714184661e86413e2c4eff621f3d208feaa97e8ff0"
"md","step-04-regulatory-focus","bmm","bmm/workflows/1-analysis/research/bmad-domain-research/domain-steps/step-04-regulatory-focus.md","d22035529efe91993e698b4ebf297bf2e7593eb41d185a661c357a8afc08977b"
"md","step-04-review","bmm","bmm/workflows/bmad-quick-flow/bmad-quick-dev-new-preview/steps/step-04-review.md","6b5448ef91e955f8e720003d326f322e9d71f648fddd6ef5aae6f230ee390c40"
"md","step-04-review","bmm","bmm/workflows/bmad-quick-flow/bmad-quick-spec/steps/step-04-review.md","8d1e3b41c3b2b018bf2177baa22d46b27efac4ca5da6ab7bee9fbf2c7b9079d8"
"md","step-04-self-check","bmm","bmm/workflows/bmad-quick-flow/bmad-quick-dev/steps/step-04-self-check.md","9a8e3d3cd35c8d8b86ec65b422566e0e0842782bddd36e942bd0327f6b893f0c"
"md","step-04-ux-alignment","bmm","bmm/workflows/3-solutioning/bmad-check-implementation-readiness/steps/step-04-ux-alignment.md","f71e5f0d77615e885ae40fdee6b04c1dd6e472c871f87b515fe869cb5f6966fb"
"md","step-05-adversarial-review","bmm","bmm/workflows/bmad-quick-flow/bmad-quick-dev/steps/step-05-adversarial-review.md","d8fe2a3c64b03298aa92d5c104f10f2aa6c470ef16c864b0f5297adf8f82a10a"
"md","step-05-competitive-analysis","bmm","bmm/workflows/1-analysis/research/bmad-market-research/steps/step-05-competitive-analysis.md","17532051ad232cfc859f09ac3b44f9f4d542eb24cff8d07317126ccdff0d225a"
"md","step-05-competitive-analysis","bmm","bmm/workflows/1-analysis/research/market-steps/step-05-competitive-analysis.md","ff6f606a80ffaf09aa325e38a4ceb321b97019e6542241b2ed4e8eb38b35efa8"
"md","step-05-epic-quality-review","bmm","bmm/workflows/3-solutioning/bmad-check-implementation-readiness/steps/step-05-epic-quality-review.md","d8a84e57f4e3a321734b5b5d093458ceb1e338744f18954c5a204f5ce3576185"
"md","step-05-implementation-research","bmm","bmm/workflows/1-analysis/research/bmad-technical-research/technical-steps/step-05-implementation-research.md","e2b8a2c79bcebadc85f3823145980fa47d7e7be8d1c112f686c6223c8c138608"
"md","step-05-inspiration","bmm","bmm/workflows/2-plan-workflows/bmad-create-ux-design/steps/step-05-inspiration.md","b0cadcd4665c46d2e6e89bdb45ddfdd4e4aac47b901e59aa156b935878a2b124"
"md","step-05-patterns","bmm","bmm/workflows/3-solutioning/bmad-create-architecture/steps/step-05-patterns.md","3c80aba507aa46893ef43f07c5c321b985632ef57abc82d5ee93c3d9c2911134"
"md","step-05-present","bmm","bmm/workflows/bmad-quick-flow/bmad-quick-dev-new-preview/steps/step-05-present.md","ee2e496153b97173fd2badea323f96164d8a394a9d7fe5413632c2bf2a0a499c"
"md","step-05-scope","bmm","bmm/workflows/1-analysis/bmad-create-product-brief/steps/step-05-scope.md","41236a5c96ca601cf62aab40afaf8901d3e294de2708dec65d0126e6041749a4"
"md","step-05-technical-trends","bmm","bmm/workflows/1-analysis/research/bmad-domain-research/domain-steps/step-05-technical-trends.md","fd6c577010171679f630805eb76e09daf823c2b9770eb716986d01f351ce1fb4"
"md","step-06-complete","bmm","bmm/workflows/1-analysis/bmad-create-product-brief/steps/step-06-complete.md","30f8c0e7333e15047c892a91dbb1016a62b85acd73848ed5b40beb32ebca29db"
"md","step-06-design-system","bmm","bmm/workflows/2-plan-workflows/bmad-create-ux-design/steps/step-06-design-system.md","1c71e452916c5b9ed000af4dd1b83954ae16887463c73776251e1e734e7d7641"
"md","step-06-final-assessment","bmm","bmm/workflows/3-solutioning/bmad-check-implementation-readiness/steps/step-06-final-assessment.md","dbc3a5e94e804c5dbb89204a194d9c378fd4096f40beec976b84ce4ca26b24cf"
"md","step-06-research-completion","bmm","bmm/workflows/1-analysis/research/bmad-market-research/steps/step-06-research-completion.md","ce4820d4a254b1c4c5a876910e7e8912eda8df595a71438d230119ace7f2c38b"
"md","step-06-research-completion","bmm","bmm/workflows/1-analysis/research/market-steps/step-06-research-completion.md","ddc239b81dc76148b5b41741b3ca0d6d4a1f781e1db5e50d2c6b4222dd64eda9"
"md","step-06-research-synthesis","bmm","bmm/workflows/1-analysis/research/bmad-domain-research/domain-steps/step-06-research-synthesis.md","ae7ea9eec7f763073e4e1ec7ef0dd247a2c9c8f8172c84cbcb0590986c67caa2"
"md","step-06-research-synthesis","bmm","bmm/workflows/1-analysis/research/bmad-technical-research/technical-steps/step-06-research-synthesis.md","01d94ed48e86317754d1dafb328d57bd1ce8832c1f443bfd62413bbd07dcf3a1"
"md","step-06-resolve-findings","bmm","bmm/workflows/bmad-quick-flow/bmad-quick-dev/steps/step-06-resolve-findings.md","0018c48e077ef9838e44fd1f4a9986d4d8ac703b41da9412e0dfd307c5c4fabf"
"md","step-06-structure","bmm","bmm/workflows/3-solutioning/bmad-create-architecture/steps/step-06-structure.md","f8333ca290b62849c1e2eb2f770b46705b09fe0322217b699b13be047efdd03e"
"md","step-07-defining-experience","bmm","bmm/workflows/2-plan-workflows/bmad-create-ux-design/steps/step-07-defining-experience.md","17f78d679a187cfb703c2cd30eea84d9dd683f3708d24885421239338eea4edd"
"md","step-07-validation","bmm","bmm/workflows/3-solutioning/bmad-create-architecture/steps/step-07-validation.md","95c9c9102ddfb23969adecc84c45bc61aa1e58dbdff6d25111ac85e17ff99353"
"md","step-08-complete","bmm","bmm/workflows/3-solutioning/bmad-create-architecture/steps/step-08-complete.md","2bdb9f1a149eb8e075c734f086b977709baeeb3d7ca0c2c998997e3c0ce2f532"
"md","step-08-visual-foundation","bmm","bmm/workflows/2-plan-workflows/bmad-create-ux-design/steps/step-08-visual-foundation.md","985b4da65435114529056f33ff583ec4d1b29feb3550494ae741b6dbb89798a9"
"md","step-09-design-directions","bmm","bmm/workflows/2-plan-workflows/bmad-create-ux-design/steps/step-09-design-directions.md","07962c637e69a612a904efccf6188b7f08c9e484d4d7369c74cd0de7da0cb1e3"
"md","step-10-user-journeys","bmm","bmm/workflows/2-plan-workflows/bmad-create-ux-design/steps/step-10-user-journeys.md","eabe15745e6b68df06833bca103c704d31094c8f070c84e35f1ee9b0c28d10bd"
"md","step-11-component-strategy","bmm","bmm/workflows/2-plan-workflows/bmad-create-ux-design/steps/step-11-component-strategy.md","52a1d0230160124496467ddbe26dd9cc4ae7d9afceaea987aad658e1bb195f59"
"md","step-12-ux-patterns","bmm","bmm/workflows/2-plan-workflows/bmad-create-ux-design/steps/step-12-ux-patterns.md","37215fe8ea33247e9a31b5f8b8fe3b36448d7f743c18803e4d5054c201348be8"
"md","step-13-responsive-accessibility","bmm","bmm/workflows/2-plan-workflows/bmad-create-ux-design/steps/step-13-responsive-accessibility.md","b80c7e6c3898bac66af1ca81bcb09a92f2793bc0711530d93e03265070041b5c"
"md","step-14-complete","bmm","bmm/workflows/2-plan-workflows/bmad-create-ux-design/steps/step-14-complete.md","f308bf80b6a7d4490a858fb30d17fc4fa3105655cbc437aa07e54fab26889251"
"md","step-e-01-discovery","bmm","bmm/workflows/2-plan-workflows/bmad-edit-prd/steps-e/step-e-01-discovery.md","bb91eb5f245d04d6fe1d2e31e6c53910ff5b7cc56cfae78fbe8caaf2703e9877"
"md","step-e-01b-legacy-conversion","bmm","bmm/workflows/2-plan-workflows/bmad-edit-prd/steps-e/step-e-01b-legacy-conversion.md","d5dcf71b36a5e425eba3b7ee08e60e4e2c6a3f7eb7131b5a478adf016a89614a"
"md","step-e-02-review","bmm","bmm/workflows/2-plan-workflows/bmad-edit-prd/steps-e/step-e-02-review.md","b26e9b1f876871eb0d8161e943f4c2eead42c3787c884f849895acdeb3d6185b"
"md","step-e-03-edit","bmm","bmm/workflows/2-plan-workflows/bmad-edit-prd/steps-e/step-e-03-edit.md","026bcab64bccb10e12a450ed48844bc0b03e310d4ccdc3fbbff742b55c3b5377"
"md","step-e-04-complete","bmm","bmm/workflows/2-plan-workflows/bmad-edit-prd/steps-e/step-e-04-complete.md","6667d1ec7b1473d35fde07c7cd5e76f288230179534a1b75b9cbe5183afde32b"
"md","step-v-01-discovery","bmm","bmm/workflows/2-plan-workflows/bmad-validate-prd/steps-v/step-v-01-discovery.md","65c4686abf818f35eeeff7cf7d31646b9693f3b8aaaa04eac7c97e9be0572a57"
"md","step-v-01-discovery","bmm","bmm/workflows/2-plan-workflows/create-prd/steps-v/step-v-01-discovery.md","85e9b433cfb634b965240597739cc517837c136a4ca64bc88c0afe828b363740"
"md","step-v-02-format-detection","bmm","bmm/workflows/2-plan-workflows/bmad-validate-prd/steps-v/step-v-02-format-detection.md","c27ea549b1414a9a013c6e334daf278bc26e7101879fd5832eb57ed275daeb0d"
"md","step-v-02-format-detection","bmm","bmm/workflows/2-plan-workflows/create-prd/steps-v/step-v-02-format-detection.md","251ea5a1cf7779db2dc39d5d8317976a27f84b421359c1974ae96c0943094341"
"md","step-v-02b-parity-check","bmm","bmm/workflows/2-plan-workflows/bmad-validate-prd/steps-v/step-v-02b-parity-check.md","5216fea52f9bbcb76a8ea9b9e80c98c51c529342e448dcf75c449ffa6fbaa45f"
"md","step-v-02b-parity-check","bmm","bmm/workflows/2-plan-workflows/create-prd/steps-v/step-v-02b-parity-check.md","3481beae212bb0140c105d0ae87bb9714859c93a471048048512fd1278da2fcd"
"md","step-v-03-density-validation","bmm","bmm/workflows/2-plan-workflows/bmad-validate-prd/steps-v/step-v-03-density-validation.md","1eed2b7eea8745edefbee124e9c9aff1e75a1176b8ba3bad42cfcf9b7c2f2a1c"
"md","step-v-03-density-validation","bmm","bmm/workflows/2-plan-workflows/create-prd/steps-v/step-v-03-density-validation.md","5b95ecd032fb65f86b7eee7ce7c30c997dc2a8b5e4846d88c2853538591a9e40"
"md","step-v-04-brief-coverage-validation","bmm","bmm/workflows/2-plan-workflows/bmad-validate-prd/steps-v/step-v-04-brief-coverage-validation.md","7b870fea072193271c9dc80966b0777cbc892a85912a273ba184f2d19fc68c47"
"md","step-v-04-brief-coverage-validation","bmm","bmm/workflows/2-plan-workflows/create-prd/steps-v/step-v-04-brief-coverage-validation.md","97eb248c7d67e6e5121dd0b020409583998fba433799ea4c5c8cb40c7ff9c7c1"
"md","step-v-05-measurability-validation","bmm","bmm/workflows/2-plan-workflows/bmad-validate-prd/steps-v/step-v-05-measurability-validation.md","06a8762b225e7d77f9c1b9f5be8783bcced29623f3a3bc8dbf7ea109b531c0ae"
"md","step-v-05-measurability-validation","bmm","bmm/workflows/2-plan-workflows/create-prd/steps-v/step-v-05-measurability-validation.md","2f331ee6d4f174dec0e4b434bf7691bfcf3a13c6ee0c47a65989badaa6b6a28c"
"md","step-v-06-traceability-validation","bmm","bmm/workflows/2-plan-workflows/bmad-validate-prd/steps-v/step-v-06-traceability-validation.md","58b89788683540c3122f886ca7a6191866a3abb2851bd505faa3fc9ab46a73c4"
"md","step-v-06-traceability-validation","bmm","bmm/workflows/2-plan-workflows/create-prd/steps-v/step-v-06-traceability-validation.md","970ea67486211a611a701e1490ab7e8f2f98060a9f78760b6ebfdb9f37743c74"
"md","step-v-07-implementation-leakage-validation","bmm","bmm/workflows/2-plan-workflows/bmad-validate-prd/steps-v/step-v-07-implementation-leakage-validation.md","aeab46b20c6aafc4b1d369c65ccf02a1fc5f7de60cbffddf7719e2899de6fe28"
"md","step-v-07-implementation-leakage-validation","bmm","bmm/workflows/2-plan-workflows/create-prd/steps-v/step-v-07-implementation-leakage-validation.md","f75d1d808fdf3d61b15bea55418b82df747f45902b6b22fe541e83b4ea3fa465"
"md","step-v-08-domain-compliance-validation","bmm","bmm/workflows/2-plan-workflows/bmad-validate-prd/steps-v/step-v-08-domain-compliance-validation.md","1be1de3adc40ded63e3662a75532fa1b13c28596b3b49204fbda310f6fa5f0da"
"md","step-v-08-domain-compliance-validation","bmm","bmm/workflows/2-plan-workflows/create-prd/steps-v/step-v-08-domain-compliance-validation.md","a1902baaf4eaaf946e5c2c2101a1ac46f8ee4397e599218b8dc030cd00c97512"
"md","step-v-09-project-type-validation","bmm","bmm/workflows/2-plan-workflows/bmad-validate-prd/steps-v/step-v-09-project-type-validation.md","fffbf78461186456a5ca72b2b9811cb391476c1d1af0301ff71b8f73198c88d1"
"md","step-v-09-project-type-validation","bmm","bmm/workflows/2-plan-workflows/create-prd/steps-v/step-v-09-project-type-validation.md","d53e95264625335184284d3f9d0fc6e7674f67bdf97e19362fc33df4bea7f096"
"md","step-v-10-smart-validation","bmm","bmm/workflows/2-plan-workflows/bmad-validate-prd/steps-v/step-v-10-smart-validation.md","81bf3fbe84054b51cb36b673a3877c65c9b790acd502a9a8a01f76899f5f4f4c"
"md","step-v-10-smart-validation","bmm","bmm/workflows/2-plan-workflows/create-prd/steps-v/step-v-10-smart-validation.md","b3c21cfcb8928ee447e12ba321af957a57385d0a2d2595deb6908212ec1c9692"
"md","step-v-11-holistic-quality-validation","bmm","bmm/workflows/2-plan-workflows/bmad-validate-prd/steps-v/step-v-11-holistic-quality-validation.md","4be7756dce12a6c7c5de6a551716d9e3b1df1f5d9d87fc28efb95fe6960cd3ce"
"md","step-v-11-holistic-quality-validation","bmm","bmm/workflows/2-plan-workflows/create-prd/steps-v/step-v-11-holistic-quality-validation.md","db07ecc3af8720c15d2801b547237d6ec74523883e361a9c03c0bd09b127bee3"
"md","step-v-12-completeness-validation","bmm","bmm/workflows/2-plan-workflows/bmad-validate-prd/steps-v/step-v-12-completeness-validation.md","20371cf379d396292dd63ad721fe48258853048e10cd9ecb8998791194fe4236"
"md","step-v-12-completeness-validation","bmm","bmm/workflows/2-plan-workflows/create-prd/steps-v/step-v-12-completeness-validation.md","c966933a0ca3753db75591325cef4d4bdaf9639a1a63f9438758d32f7e1a1dda"
"md","step-v-13-report-complete","bmm","bmm/workflows/2-plan-workflows/bmad-validate-prd/steps-v/step-v-13-report-complete.md","5df1fe4427273411bc55051519edf89e36ae46b5435240664ead8ffac6842d85"
"md","step-v-13-report-complete","bmm","bmm/workflows/2-plan-workflows/create-prd/steps-v/step-v-13-report-complete.md","a48cb9e8202f66a24798ef50e66b2fa11422560085aa40bb6a057fadc53353af"
"md","tech-spec-template","bmm","bmm/workflows/bmad-quick-flow/bmad-quick-dev-new-preview/tech-spec-template.md","5d253f505d7584633efe55fe7b16a5bbd630708a075542a0e5f6b563ef1218b2"
"md","tech-spec-template","bmm","bmm/workflows/bmad-quick-flow/bmad-quick-spec/tech-spec-template.md","6e0ac4991508fec75d33bbe36197e1576d7b2a1ea7ceba656d616e7d7dadcf03"
"md","template","bmm","bmm/workflows/4-implementation/bmad-create-story/template.md","29ba697368d77e88e88d0e7ac78caf7a78785a7dcfc291082aa96a62948afb67"
"md","ux-design-template","bmm","bmm/workflows/2-plan-workflows/bmad-create-ux-design/ux-design-template.md","ffa4b89376cd9db6faab682710b7ce755990b1197a8b3e16b17748656d1fca6a"
"md","web-researcher","bmm","bmm/workflows/1-analysis/bmad-product-brief-preview/agents/web-researcher.md","66aadb087f9bb3e7d05787c8f30237247ad3b90f241d342838e4ca95ed0d0260"
"md","workflow","bmm","bmm/workflows/1-analysis/bmad-create-product-brief/workflow.md","a8a3ffe52348a2e80ec382b200f0f8f7a00d5aeedb6d303941d52de8c6c8dcff"
"md","workflow","bmm","bmm/workflows/1-analysis/research/bmad-domain-research/workflow.md","8f50250c35786710b7a380404791ce5d04834f5c381abb297a6d1adc2a5007f8"
"md","workflow","bmm","bmm/workflows/1-analysis/research/bmad-market-research/workflow.md","b10298a8ccb939ed49f7c171f4ca9e3fe415980ebddf6bce78a7c375ef92eb84"
"md","workflow","bmm","bmm/workflows/1-analysis/research/bmad-technical-research/workflow.md","69da7541ebac524a905218470c1f91e93ef631b7993629ada9e5224598e93f3f"
"md","workflow","bmm","bmm/workflows/2-plan-workflows/bmad-create-ux-design/workflow.md","d3f718aca12f9618e4271480bd76835e7f33961a4c168ce5aaec9e5a3a083c76"
"md","workflow","bmm","bmm/workflows/2-plan-workflows/bmad-edit-prd/workflow.md","96f09f2e6ebd990c5edc435d6c79bdccaef5e0629d7ae211812ac91a6f337fb6"
"md","workflow","bmm","bmm/workflows/2-plan-workflows/bmad-validate-prd/workflow.md","fbb45a58c4049d7a6a569071e3e58eb03ff3a84ed29a6f2437f49ea2902d1790"
"md","workflow","bmm","bmm/workflows/3-solutioning/bmad-check-implementation-readiness/workflow.md","0e1f1c49ee3d1965fa2378728ad5ebf8bb9d97aee67adf44993a672fbc0c85e8"
"md","workflow","bmm","bmm/workflows/3-solutioning/bmad-create-architecture/workflow.md","7845e7b62ca44da48fac9d732be43e83fe312a8bc83dd9e06574fbbc629c3b49"
"md","workflow","bmm","bmm/workflows/3-solutioning/bmad-create-epics-and-stories/workflow.md","204ce6a9fb23b63d8c254673d073f51202277dc280f9d9a535c2763aeb878a03"
"md","workflow","bmm","bmm/workflows/4-implementation/bmad-code-review/workflow.md","aafeed986e17f030b0ce39244fb7eede7a1fbdd73bd7391a1b424d4a5777cb91"
"md","workflow","bmm","bmm/workflows/4-implementation/bmad-correct-course/workflow.md","a0d0d47be4b2e5a7ad1c7e2ccec36966972cdb01441686092b98b3adbeafe38e"
"md","workflow","bmm","bmm/workflows/4-implementation/bmad-create-story/workflow.md","5ef89f34fe47a6f83d4dc3c3e1d29bbdea58838122549f60a6bc53046825305d"
"md","workflow","bmm","bmm/workflows/4-implementation/bmad-dev-story/workflow.md","96109fde74e4a6743acb6d3b70f83b6ceddc48dc7dc5fbb4a7a5142ecc0fc51e"
"md","workflow","bmm","bmm/workflows/4-implementation/bmad-retrospective/workflow.md","aa0c39d871f653d19131c4c13e84bf40d7b7c764aad9e117fc328008fbd356b1"
"md","workflow","bmm","bmm/workflows/4-implementation/bmad-sprint-planning/workflow.md","6d4714a4d13d2a4f603062111fd46e6e8c69d0793b3501495b5d3826fbd0af4d"
"md","workflow","bmm","bmm/workflows/4-implementation/bmad-sprint-status/workflow.md","61c96b0bca5c720b3f8d9aac459611955add277e19716db796f211bad94d4e70"
"md","workflow","bmm","bmm/workflows/bmad-document-project/workflow.md","946a5e79552769a0254791f4faab719e1fce0b0ca5163c8948e3ab7f6bbd77e9"
"md","workflow","bmm","bmm/workflows/bmad-generate-project-context/workflow.md","9d804dcdc199ae91f27f43276069e1924d660d506f455931c99759a3fd7d305d"
"md","workflow","bmm","bmm/workflows/bmad-qa-generate-e2e-tests/workflow.md","f399bfecbdd005b3f2de1ce15f5ab693776aded6e7d92e104f1f1a66fbcfc85e"
"md","workflow","bmm","bmm/workflows/bmad-quick-flow/bmad-quick-dev/workflow.md","804c0b202c77eab6b6d80ca42aab8a8642e66669693b038f153df2da5b0caece"
"md","workflow","bmm","bmm/workflows/bmad-quick-flow/bmad-quick-dev-new-preview/workflow.md","b684d74b3cecc9c9e436b99ec180b062768835df0f94fc22f9e9d64842ce0299"
"md","workflow","bmm","bmm/workflows/bmad-quick-flow/bmad-quick-spec/workflow.md","ccad30d397bfd3fd6cecb660a95ed1369798eb8c5fafcd06253b3d69b674a1e4"
"md","workflow-validate-prd","bmm","bmm/workflows/2-plan-workflows/create-prd/workflow-validate-prd.md","2a414986b4369622de815fb97f7b825ccf48962472c65c19ea985175dcdc5e6c"
"yaml","bmad-skill-manifest","bmm","bmm/agents/bmad-skill-manifest.yaml","973b7097e5504c980e7548bf71e1e296b4a6265f5f288a82f9930d65e15ddee9"
"yaml","bmad-skill-manifest","bmm","bmm/agents/tech-writer/bmad-skill-manifest.yaml","a46d895577ce3019fc6b5f5a4c76f58c53e669efd198df7feeeb1b26bd8be415"
"yaml","bmad-skill-manifest","bmm","bmm/workflows/1-analysis/bmad-create-product-brief/bmad-skill-manifest.yaml","ea1b058a23cd4fb442f2e7bc7a3a871b73391c0d18c32ddad020dd56b20425ee"
"yaml","bmad-skill-manifest","bmm","bmm/workflows/1-analysis/bmad-product-brief-preview/bmad-skill-manifest.yaml","ea1b058a23cd4fb442f2e7bc7a3a871b73391c0d18c32ddad020dd56b20425ee"
"yaml","bmad-skill-manifest","bmm","bmm/workflows/1-analysis/research/bmad-domain-research/bmad-skill-manifest.yaml","ea1b058a23cd4fb442f2e7bc7a3a871b73391c0d18c32ddad020dd56b20425ee"
"yaml","bmad-skill-manifest","bmm","bmm/workflows/1-analysis/research/bmad-market-research/bmad-skill-manifest.yaml","ea1b058a23cd4fb442f2e7bc7a3a871b73391c0d18c32ddad020dd56b20425ee"
"yaml","bmad-skill-manifest","bmm","bmm/workflows/1-analysis/research/bmad-technical-research/bmad-skill-manifest.yaml","ea1b058a23cd4fb442f2e7bc7a3a871b73391c0d18c32ddad020dd56b20425ee"
"yaml","bmad-skill-manifest","bmm","bmm/workflows/2-plan-workflows/bmad-create-ux-design/bmad-skill-manifest.yaml","ea1b058a23cd4fb442f2e7bc7a3a871b73391c0d18c32ddad020dd56b20425ee"
"yaml","bmad-skill-manifest","bmm","bmm/workflows/2-plan-workflows/bmad-edit-prd/bmad-skill-manifest.yaml","ea1b058a23cd4fb442f2e7bc7a3a871b73391c0d18c32ddad020dd56b20425ee"
"yaml","bmad-skill-manifest","bmm","bmm/workflows/2-plan-workflows/bmad-validate-prd/bmad-skill-manifest.yaml","ea1b058a23cd4fb442f2e7bc7a3a871b73391c0d18c32ddad020dd56b20425ee"
"yaml","bmad-skill-manifest","bmm","bmm/workflows/3-solutioning/bmad-check-implementation-readiness/bmad-skill-manifest.yaml","ea1b058a23cd4fb442f2e7bc7a3a871b73391c0d18c32ddad020dd56b20425ee"
"yaml","bmad-skill-manifest","bmm","bmm/workflows/3-solutioning/bmad-create-architecture/bmad-skill-manifest.yaml","ea1b058a23cd4fb442f2e7bc7a3a871b73391c0d18c32ddad020dd56b20425ee"
"yaml","bmad-skill-manifest","bmm","bmm/workflows/3-solutioning/bmad-create-epics-and-stories/bmad-skill-manifest.yaml","ea1b058a23cd4fb442f2e7bc7a3a871b73391c0d18c32ddad020dd56b20425ee"
"yaml","bmad-skill-manifest","bmm","bmm/workflows/4-implementation/bmad-code-review/bmad-skill-manifest.yaml","ea1b058a23cd4fb442f2e7bc7a3a871b73391c0d18c32ddad020dd56b20425ee"
"yaml","bmad-skill-manifest","bmm","bmm/workflows/4-implementation/bmad-correct-course/bmad-skill-manifest.yaml","ea1b058a23cd4fb442f2e7bc7a3a871b73391c0d18c32ddad020dd56b20425ee"
"yaml","bmad-skill-manifest","bmm","bmm/workflows/4-implementation/bmad-create-story/bmad-skill-manifest.yaml","ea1b058a23cd4fb442f2e7bc7a3a871b73391c0d18c32ddad020dd56b20425ee"
"yaml","bmad-skill-manifest","bmm","bmm/workflows/4-implementation/bmad-dev-story/bmad-skill-manifest.yaml","ea1b058a23cd4fb442f2e7bc7a3a871b73391c0d18c32ddad020dd56b20425ee"
"yaml","bmad-skill-manifest","bmm","bmm/workflows/4-implementation/bmad-retrospective/bmad-skill-manifest.yaml","ea1b058a23cd4fb442f2e7bc7a3a871b73391c0d18c32ddad020dd56b20425ee"
"yaml","bmad-skill-manifest","bmm","bmm/workflows/4-implementation/bmad-sprint-planning/bmad-skill-manifest.yaml","ea1b058a23cd4fb442f2e7bc7a3a871b73391c0d18c32ddad020dd56b20425ee"
"yaml","bmad-skill-manifest","bmm","bmm/workflows/4-implementation/bmad-sprint-status/bmad-skill-manifest.yaml","ea1b058a23cd4fb442f2e7bc7a3a871b73391c0d18c32ddad020dd56b20425ee"
"yaml","bmad-skill-manifest","bmm","bmm/workflows/bmad-document-project/bmad-skill-manifest.yaml","ea1b058a23cd4fb442f2e7bc7a3a871b73391c0d18c32ddad020dd56b20425ee"
"yaml","bmad-skill-manifest","bmm","bmm/workflows/bmad-generate-project-context/bmad-skill-manifest.yaml","ea1b058a23cd4fb442f2e7bc7a3a871b73391c0d18c32ddad020dd56b20425ee"
"yaml","bmad-skill-manifest","bmm","bmm/workflows/bmad-qa-generate-e2e-tests/bmad-skill-manifest.yaml","ea1b058a23cd4fb442f2e7bc7a3a871b73391c0d18c32ddad020dd56b20425ee"
"yaml","bmad-skill-manifest","bmm","bmm/workflows/bmad-quick-flow/bmad-quick-dev/bmad-skill-manifest.yaml","ea1b058a23cd4fb442f2e7bc7a3a871b73391c0d18c32ddad020dd56b20425ee"
"yaml","bmad-skill-manifest","bmm","bmm/workflows/bmad-quick-flow/bmad-quick-dev-new-preview/bmad-skill-manifest.yaml","ea1b058a23cd4fb442f2e7bc7a3a871b73391c0d18c32ddad020dd56b20425ee"
"yaml","bmad-skill-manifest","bmm","bmm/workflows/bmad-quick-flow/bmad-quick-spec/bmad-skill-manifest.yaml","ea1b058a23cd4fb442f2e7bc7a3a871b73391c0d18c32ddad020dd56b20425ee"
"yaml","config","bmm","bmm/config.yaml","bfbd9e3c2609dd107a10a9946c9c2f550be1b88ba5267eb96f23371f533f127f"
"yaml","sprint-status-template","bmm","bmm/workflows/4-implementation/bmad-sprint-planning/sprint-status-template.yaml","b46a7bfb7d226f00bd064f111e527eee54ad470d177382a9a15f1a6dde21544c"
"yaml","team-fullstack","bmm","bmm/teams/team-fullstack.yaml","da8346b10dfad8e1164a11abeb3b0a84a1d8b5f04e01e8490a44ffca477a1b96"
"csv","default-party","cis","cis/teams/default-party.csv","464310e738ec38cf8114552e8274f6c517a17db0e0b176d494ab50154ba982d5"
"csv","design-methods","cis","cis/workflows/bmad-cis-design-thinking/design-methods.csv","6735e9777620398e35b7b8ccb21e9263d9164241c3b9973eb76f5112fb3a8fc9"
"csv","innovation-frameworks","cis","cis/workflows/bmad-cis-innovation-strategy/innovation-frameworks.csv","9a14473b1d667467172d8d161e91829c174e476a030a983f12ec6af249c4e42f"
"csv","module-help","cis","cis/module-help.csv","911c7e8963eff88c7c18398b38757e077714737aff3f8baf9730c3e0c3ad7d2a"
"csv","solving-methods","cis","cis/workflows/bmad-cis-problem-solving/solving-methods.csv","aa15c3a862523f20c199600d8d4d0a23fce1001010d7efc29a71abe537d42995"
"csv","story-types","cis","cis/workflows/bmad-cis-storytelling/story-types.csv","ec5a3c713617bf7e2cf7db439303dd8f3363daa2f6db20a350c82260ade88bdb"
"md","README","cis","cis/workflows/README.md","cad15d53776a94c91a4f3f16fc6acc8352865091040f3f045125538e53d376a3"
"md","SKILL","cis","cis/workflows/bmad-cis-design-thinking/SKILL.md","3851c14c9a53828692fffc14c484e435adcd5452e2c8bed51f7c5dd54218e02e"
"md","SKILL","cis","cis/workflows/bmad-cis-innovation-strategy/SKILL.md","9a4a90e4b81368ad09fe51a62fde1cc02aa176c828170b077c953c0b0b2f303d"
"md","SKILL","cis","cis/workflows/bmad-cis-problem-solving/SKILL.md","d78b21e22a866da35f84b8aca704ef292c0d8b3444e30a79c82bca2f3af174f8"
"md","SKILL","cis","cis/workflows/bmad-cis-storytelling/SKILL.md","2cfd311821f5ca76a4ad8338b58eb51da6bb508d8bb84ee2b5eb25ca816a3cd6"
"md","template","cis","cis/workflows/bmad-cis-design-thinking/template.md","7834c387ac0412c841b49a9fcdd8043f5ce053e5cb26993548cf4d31b561f6f0"
"md","template","cis","cis/workflows/bmad-cis-innovation-strategy/template.md","e59bd789df87130bde034586d3e68bf1847c074f63d839945e0c29b1d0c85c82"
"md","template","cis","cis/workflows/bmad-cis-problem-solving/template.md","6c9efd7ac7b10010bd9911db16c2fbdca01fb0c306d871fa6381eef700b45608"
"md","template","cis","cis/workflows/bmad-cis-storytelling/template.md","461981aa772ef2df238070cbec90fc40995df2a71a8c22225b90c91afed57452"
"md","workflow","cis","cis/workflows/bmad-cis-design-thinking/workflow.md","7f4436a938d56260706b02b296d559c8697ffbafd536757a7d7d41ef2a577547"
"md","workflow","cis","cis/workflows/bmad-cis-innovation-strategy/workflow.md","23094a6bf5845c6b3cab6fb3cd0c96025b84eb1b0deb0a8d03c543f79b9cc71f"
"md","workflow","cis","cis/workflows/bmad-cis-problem-solving/workflow.md","e43fa26e6a477f26888db76f499936e398b409f36eaed5b462795a4652d2f392"
"md","workflow","cis","cis/workflows/bmad-cis-storytelling/workflow.md","277c82eab204759720e08baa5b6bbb3940074f512a2b76a25979fa885abee4ec"
"yaml","bmad-skill-manifest","cis","cis/workflows/bmad-cis-design-thinking/bmad-skill-manifest.yaml","ea1b058a23cd4fb442f2e7bc7a3a871b73391c0d18c32ddad020dd56b20425ee"
"yaml","bmad-skill-manifest","cis","cis/workflows/bmad-cis-innovation-strategy/bmad-skill-manifest.yaml","ea1b058a23cd4fb442f2e7bc7a3a871b73391c0d18c32ddad020dd56b20425ee"
"yaml","bmad-skill-manifest","cis","cis/workflows/bmad-cis-problem-solving/bmad-skill-manifest.yaml","ea1b058a23cd4fb442f2e7bc7a3a871b73391c0d18c32ddad020dd56b20425ee"
"yaml","bmad-skill-manifest","cis","cis/workflows/bmad-cis-storytelling/bmad-skill-manifest.yaml","ea1b058a23cd4fb442f2e7bc7a3a871b73391c0d18c32ddad020dd56b20425ee"
"yaml","config","cis","cis/config.yaml","dbe4a29c5a2cf0f2ea5daec25cb10a405bb022f096563a25bba32c182e9b2bba"
"yaml","creative-squad","cis","cis/teams/creative-squad.yaml","25407cf0ebdf5b10884cd03c86068e04715ef270ada93a3b64cb9907b62c71cf"
"csv","brain-methods","core","core/skills/bmad-brainstorming/brain-methods.csv","0ab5878b1dbc9e3fa98cb72abfc3920a586b9e2b42609211bb0516eefd542039"
"csv","domain-complexity","core","core/tasks/bmad-create-prd/data/domain-complexity.csv","f775f09fb4dc1b9214ca22db4a3994ce53343d976d7f6e5384949835db6d2770"
"csv","methods","core","core/skills/bmad-advanced-elicitation/methods.csv","e08b2e22fec700274982e37be608d6c3d1d4d0c04fa0bae05aa9dba2454e6141"
"csv","module-help","core","core/module-help.csv","b5776ec141542f471fbfec3b42a8629e2692383ca221611ff5126a737befed0b"
"csv","project-types","core","core/tasks/bmad-create-prd/data/project-types.csv","7a01d336e940fb7a59ff450064fd1194cdedda316370d939264a0a0adcc0aca3"
"md","compression-rules","core","core/skills/bmad-distillator/resources/compression-rules.md","86e53d6a2072b379864766681d1cc4e1aad3d4428ecca8c46010f7364da32724"
"md","distillate-compressor","core","core/skills/bmad-distillator/agents/distillate-compressor.md","c00da33b39a43207a224c4043d1aa4158e90e41ab421fff0ea7cc55beec81ef8"
"md","distillate-format-reference","core","core/skills/bmad-distillator/resources/distillate-format-reference.md","0ed0e016178f606ff7b70dd852695e94bce8da6d83954257e0b85779530bcaeb"
"md","prd-purpose","core","core/tasks/bmad-create-prd/data/prd-purpose.md","49c4641b91504bb14e3887029b70beacaff83a2de200ced4f8cb11c1356ecaee"
"md","prd-template","core","core/tasks/bmad-create-prd/templates/prd-template.md","7ccccab9c06a626b7a228783b0b9b6e4172e9ec0b10d47bbfab56958c898f837"
"md","round-trip-reconstructor","core","core/skills/bmad-distillator/agents/round-trip-reconstructor.md","47c83f4a37249ddac38460d8c95d162f6fc175a8919888e8090aed71bd9383bc"
"md","SKILL","core","core/skills/bmad-advanced-elicitation/SKILL.md","9e1096c3b6087b1a479e6472b4f369f81ef3ac86510f047497a77946225ac36a"
"md","SKILL","core","core/skills/bmad-brainstorming/SKILL.md","f4a2c22b40ed34cdbd3282dd6161a3b869902f3bc75b58e181fc9faf78eedd9d"
"md","SKILL","core","core/skills/bmad-distillator/SKILL.md","9b404438deb17c56ddc08f7b823177687fb4a62f08f40dac8faa5a93f78e374d"
"md","SKILL","core","core/skills/bmad-editorial-review-prose/SKILL.md","2a8df805c9525b3fa6db2cd96dec31deba6327b5da26b98b7d927744c87dd898"
"md","SKILL","core","core/skills/bmad-editorial-review-structure/SKILL.md","619082536c4c770f1164bda994ced197bca8d9e5c140fc4af5f96cb572ac0f60"
"md","SKILL","core","core/skills/bmad-help/SKILL.md","57d85d026055fa420ba4e6c7dd9cff566175d0be67f5d627d33efb67adee245f"
"md","SKILL","core","core/skills/bmad-index-docs/SKILL.md","278818a63cd7dde0cee7c280b93f96c67566c0ab2460e721fd31fd1c95cdcb6e"
"md","SKILL","core","core/skills/bmad-party-mode/SKILL.md","558831b737cf3a6a5349b9f1338f2945da82ce2564893e642a2b49b7e62e8b3f"
"md","SKILL","core","core/skills/bmad-review-adversarial-general/SKILL.md","8b48a202f13990630c2cbc4f71da839978bc96d2a5577fe460c443781039e194"
"md","SKILL","core","core/skills/bmad-review-edge-case-hunter/SKILL.md","9f0cfeb7ee3d5deef43353b5301001087045ee59b048be56150e3880a7db8531"
"md","SKILL","core","core/skills/bmad-shard-doc/SKILL.md","3f9137b3eaae5b039ecdd7d9342a4048efd3b3eb62fb3d389893d8e61df8688b"
"md","SKILL","core","core/tasks/bmad-create-prd/SKILL.md","24de81d7553bb136d1dfb595a3f2fbd45930ece202ea2ac258eb349b4af17b5f"
"md","splitting-strategy","core","core/skills/bmad-distillator/resources/splitting-strategy.md","26d3ed05f912cf99ff9ebe2353f2d84d70e3e852e23a32b1215c13416ad708b5"
"md","step-01-agent-loading","core","core/skills/bmad-party-mode/steps/step-01-agent-loading.md","04ab6b6247564f7edcd5c503f5ca7d27ae688b09bbe2e24345550963a016e9f9"
"md","step-01-init","core","core/tasks/bmad-create-prd/steps-c/step-01-init.md","922f59e960569f68bbf0d2c17ecdca74e9d9b92c6a802a5ea888e10774be7738"
"md","step-01-session-setup","core","core/skills/bmad-brainstorming/steps/step-01-session-setup.md","7fd2aed9527ccdf35fc86bd4c9b27b4a530b5cfdfb90ae2b7385d3185bcd60bc"
"md","step-01b-continue","core","core/skills/bmad-brainstorming/steps/step-01b-continue.md","49f8d78290291f974432bc8e8fce340de58ed62aa946e9e3182858bf63829920"
"md","step-01b-continue","core","core/tasks/bmad-create-prd/steps-c/step-01b-continue.md","bdc3677aa220c4822b273d9bc8579669e003cc96d49475ddb3116bdef759cf04"
"md","step-02-discovery","core","core/tasks/bmad-create-prd/steps-c/step-02-discovery.md","4ef0a3e62c05bfe90fbeca03d58ada11017098523a563003d574462d65f51e78"
"md","step-02-discussion-orchestration","core","core/skills/bmad-party-mode/steps/step-02-discussion-orchestration.md","a8a79890bd03237e20f1293045ecf06f9a62bc590f5c2d4f88e250cee40abb0b"
"md","step-02a-user-selected","core","core/skills/bmad-brainstorming/steps/step-02a-user-selected.md","7ff3bca27286d17902ecea890494599796633e24a25ea6b31bbd6c3d2e54eba2"
"md","step-02b-ai-recommended","core","core/skills/bmad-brainstorming/steps/step-02b-ai-recommended.md","cb77b810e0c98e080b4378999f0e250bacba4fb74c1bcb0a144cffe9989d2cbd"
"md","step-02b-vision","core","core/tasks/bmad-create-prd/steps-c/step-02b-vision.md","641fcd72722c34850bf2daf38a4dfc544778999383aa9b33b4e7569de5860721"
"md","step-02c-executive-summary","core","core/tasks/bmad-create-prd/steps-c/step-02c-executive-summary.md","7abf23a4ae7a7e1653cb86d90fdb1698cbe876628de3273b5638cfb05e34b615"
"md","step-02c-random-selection","core","core/skills/bmad-brainstorming/steps/step-02c-random-selection.md","91c6e16213911a231a41b1a55be7c939e7bbcd1463bd49cb03b5b669a90c0868"
"md","step-02d-progressive-flow","core","core/skills/bmad-brainstorming/steps/step-02d-progressive-flow.md","6b6fbbd34bcf334d79f09e8c36ed3c9d55ddd3ebb8f8f77aa892643d1a4e3436"
"md","step-03-graceful-exit","core","core/skills/bmad-party-mode/steps/step-03-graceful-exit.md","85e87df198fbb7ce1cf5e65937c4ad6f9ab51a2d80701979570f00519a2d9478"
"md","step-03-success","core","core/tasks/bmad-create-prd/steps-c/step-03-success.md","3959db0848f9a4c99f80ac8d59855f9bb77f833475d3d5512e623d62b52b86dc"
"md","step-03-technique-execution","core","core/skills/bmad-brainstorming/steps/step-03-technique-execution.md","b97afefd4ccc5234e554a3dfc5555337269ce171e730b250c756718235e9df60"
"md","step-04-idea-organization","core","core/skills/bmad-brainstorming/steps/step-04-idea-organization.md","acb7eb6a54161213bb916cabf7d0d5084316704e792a880968fc340855cdcbbb"
"md","step-04-journeys","core","core/tasks/bmad-create-prd/steps-c/step-04-journeys.md","a9f2b74f06230916f66a1cf42437e4173061a157642c5eaf0d985d4078872526"
"md","step-05-domain","core","core/tasks/bmad-create-prd/steps-c/step-05-domain.md","983617d33fe6b7e911f34cf6a2adb86be595952ab9a7c7308e7f6b3858b39a12"
"md","step-06-innovation","core","core/tasks/bmad-create-prd/steps-c/step-06-innovation.md","a0b3863e11f1dc91c73871967c26c3a2746a11c29a1cd23ee000df5b6b22f1b3"
"md","step-07-project-type","core","core/tasks/bmad-create-prd/steps-c/step-07-project-type.md","ba60660354a1aa7dff8a03bfff79ace4589af13e3a2945ae78157a33abd12f17"
"md","step-08-scoping","core","core/tasks/bmad-create-prd/steps-c/step-08-scoping.md","b1273a563a4cb440901bcda12ffdb27a37694c4cc4431196396d07a3737ae0aa"
"md","step-09-functional","core","core/tasks/bmad-create-prd/steps-c/step-09-functional.md","4880a2f02fdc43964bd753c733c7800b9ccf6b1ccf194b2a8c3f09f1ad85843c"
"md","step-10-nonfunctional","core","core/tasks/bmad-create-prd/steps-c/step-10-nonfunctional.md","afde3cd586227cec7863267518667605e9487025a9c0f3b7f220c66adbbc347c"
"md","step-11-polish","core","core/tasks/bmad-create-prd/steps-c/step-11-polish.md","7648f29eda46aa75dd3a23045d9e8513995a7c56e18ac28f4912b5d05340b9cc"
"md","step-12-complete","core","core/tasks/bmad-create-prd/steps-c/step-12-complete.md","cce81ef9c88e910ea729710ab7104ee23c323479f90375208d3910abe0a5adcf"
"md","template","core","core/skills/bmad-brainstorming/template.md","5c99d76963eb5fc21db96c5a68f39711dca7c6ed30e4f7d22aedee9e8bb964f9"
"md","workflow","core","core/skills/bmad-advanced-elicitation/workflow.md","86acfb60c9fbd22a807659aefcbce98442d6244a45911d11c5b83bce5155d971"
"md","workflow","core","core/skills/bmad-brainstorming/workflow.md","74c87846a5cda7a4534ea592ea3125a8d8a1a88d19c94f5f4481fb28d0d16bf2"
"md","workflow","core","core/skills/bmad-editorial-review-prose/workflow.md","998ad2589728fac834820639886744bb3d1606674a1b2a1ab0da47fae8eb3e50"
"md","workflow","core","core/skills/bmad-editorial-review-structure/workflow.md","ea2ab3dc9e586b1cc962371eac3e894719752536d3d8b6d68892d5aa68a46505"
"md","workflow","core","core/skills/bmad-help/workflow.md","e610f8be8f1a5742cea912378ffbe2f580b20ee5c6c6f13bdbbab61dd98ef567"
"md","workflow","core","core/skills/bmad-index-docs/workflow.md","295495eb83ee0f167629b1eafb906e02eb7e151b2378f4858a1fd23c130c3bce"
"md","workflow","core","core/skills/bmad-party-mode/workflow.md","e4f7328ccac68ecb7fb346c6b8f4e2e52171b63cff9070c0b382124872e673cb"
"md","workflow","core","core/skills/bmad-review-adversarial-general/workflow.md","dd6f172ecec5f5a3aa94904b96f53dbc0d8560e93aaf16f23b801c5649b2d798"
"md","workflow","core","core/skills/bmad-review-edge-case-hunter/workflow.md","77b50cf0a221eb6ff90a824593feac4f04fc7f694d4791e0fa9599e5919b54aa"
"md","workflow","core","core/skills/bmad-shard-doc/workflow.md","0188bc74dc52d7cdc45106fcb087eabbbc645b49f2ededb797d57bdde4e9b02d"
"md","workflow","core","core/tasks/bmad-create-prd/workflow.md","e40e1e72e3130d0189f77ae79f1ab242d504d963bf53c2a52e1fce8c0bc7e06e"
"py","analyze_sources","core","core/skills/bmad-distillator/scripts/analyze_sources.py","31e2a8441c3c43c2536739c580cdef6abecb18ff20e7447f42dd868875783166"
"py","test_analyze_sources","core","core/skills/bmad-distillator/scripts/tests/test_analyze_sources.py","d90525311f8010aaf8d7d9212a370468a697866190bae78c35d0aae9b7f23fdf"
"yaml","bmad-skill-manifest","core","core/skills/bmad-advanced-elicitation/bmad-skill-manifest.yaml","ea1b058a23cd4fb442f2e7bc7a3a871b73391c0d18c32ddad020dd56b20425ee"
"yaml","bmad-skill-manifest","core","core/skills/bmad-brainstorming/bmad-skill-manifest.yaml","ea1b058a23cd4fb442f2e7bc7a3a871b73391c0d18c32ddad020dd56b20425ee"
"yaml","bmad-skill-manifest","core","core/skills/bmad-distillator/bmad-skill-manifest.yaml","9cfedfd2e5a5bbede8436e5357bb9d49746430f6b9f912414abb643ed4cac49b"
"yaml","bmad-skill-manifest","core","core/skills/bmad-editorial-review-prose/bmad-skill-manifest.yaml","ea1b058a23cd4fb442f2e7bc7a3a871b73391c0d18c32ddad020dd56b20425ee"
"yaml","bmad-skill-manifest","core","core/skills/bmad-editorial-review-structure/bmad-skill-manifest.yaml","ea1b058a23cd4fb442f2e7bc7a3a871b73391c0d18c32ddad020dd56b20425ee"
"yaml","bmad-skill-manifest","core","core/skills/bmad-help/bmad-skill-manifest.yaml","ea1b058a23cd4fb442f2e7bc7a3a871b73391c0d18c32ddad020dd56b20425ee"
"yaml","bmad-skill-manifest","core","core/skills/bmad-index-docs/bmad-skill-manifest.yaml","ea1b058a23cd4fb442f2e7bc7a3a871b73391c0d18c32ddad020dd56b20425ee"
"yaml","bmad-skill-manifest","core","core/skills/bmad-party-mode/bmad-skill-manifest.yaml","ea1b058a23cd4fb442f2e7bc7a3a871b73391c0d18c32ddad020dd56b20425ee"
"yaml","bmad-skill-manifest","core","core/skills/bmad-review-adversarial-general/bmad-skill-manifest.yaml","ea1b058a23cd4fb442f2e7bc7a3a871b73391c0d18c32ddad020dd56b20425ee"
"yaml","bmad-skill-manifest","core","core/skills/bmad-review-edge-case-hunter/bmad-skill-manifest.yaml","ea1b058a23cd4fb442f2e7bc7a3a871b73391c0d18c32ddad020dd56b20425ee"
"yaml","bmad-skill-manifest","core","core/skills/bmad-shard-doc/bmad-skill-manifest.yaml","ea1b058a23cd4fb442f2e7bc7a3a871b73391c0d18c32ddad020dd56b20425ee"
"yaml","bmad-skill-manifest","core","core/tasks/bmad-create-prd/bmad-skill-manifest.yaml","ea1b058a23cd4fb442f2e7bc7a3a871b73391c0d18c32ddad020dd56b20425ee"
"yaml","config","core","core/config.yaml","c499d3a2e6f16993e2a417ca38d90da4e4753dce156edd0519217afcad33f126"
"csv","default-party","tea","tea/teams/default-party.csv","b41cb24a2367b6d856c14f955d59b3e924ebead6c7a5ffba0d5c4c1d02cae0fb"
"csv","module-help","tea","tea/module-help.csv","d43c9b997ceb1e9980e16f2e708bad069cc82c4e3aada5a1b622e25794f5f082"
"csv","tea-index","tea","tea/testarch/tea-index.csv","8b1b6012a18404016de6d411898944e08282727f885029e9be15a4a1494eb41a"
"groovy","jenkins-pipeline-template","tea","tea/workflows/testarch/bmad-testarch-ci/jenkins-pipeline-template.groovy","f2b75c5ba3eda7537044909830ca674d794eaa929bcd032fcc2c523709b9bb77"
"md","adr-quality-readiness-checklist","tea","tea/testarch/knowledge/adr-quality-readiness-checklist.md","a8129b16c3b2afbc1f58fe5edc73dc8f1291c172c6ca009d92f1947bef1a237e"
"md","api-request","tea","tea/testarch/knowledge/api-request.md","d14f6e26151c48424d60cde5db81c0ffc8ec72eaf3357f27b4e137f222a4c4e3"
"md","api-testing-patterns","tea","tea/testarch/knowledge/api-testing-patterns.md","4b1b7069737d4916853f1393d1cd804ce7061454ad250fb919046a78b77c2648"
"md","atdd-checklist-template","tea","tea/workflows/testarch/bmad-testarch-atdd/atdd-checklist-template.md","352e3f331dea9ddc975487ef32bef01edcd838200740f55adfd81ddd37b8384f"
"md","auth-session","tea","tea/testarch/knowledge/auth-session.md","2b3de2a9468caf85f0e47ba9d79b142f424b6c10e3a342c264f1cf73d2f70ddc"
"md","burn-in","tea","tea/testarch/knowledge/burn-in.md","5ba3d2abe6b961e5bc3948ab165e801195bff3ee6e66569c00c219b484aa4b5d"
"md","certificate-template","tea","tea/workflows/testarch/bmad-teach-me-testing/templates/certificate-template.md","1473946a9e3601e473e6c6c7c2ac2cb6cf1b7f3f22d07f1828cd3a9275158a08"
"md","checklist","tea","tea/workflows/testarch/bmad-teach-me-testing/checklist.md","8ae9620ee1d25e3758be40e05e1ec0e5f8d06f47b9a8c77ae1e2eb965d9b3ff0"
"md","checklist","tea","tea/workflows/testarch/bmad-testarch-atdd/checklist.md","4af3b837cc5ce6a9f8177e153c61929060e08686607c375e4527c7cc993b2c70"
"md","checklist","tea","tea/workflows/testarch/bmad-testarch-automate/checklist.md","cd132e3d4cf6e8164d0483e3f4abaa47e3ae81684d15673868a09de8d66fe94f"
"md","checklist","tea","tea/workflows/testarch/bmad-testarch-ci/checklist.md","a8b45cb926b53b6e16419db396c6f4c21aafb9a4022698971bcbd8622e805037"
"md","checklist","tea","tea/workflows/testarch/bmad-testarch-framework/checklist.md","57d0b2e495e352b96cdc2cf7218808d29ad502410c4c08049c85d04cf7364de7"
"md","checklist","tea","tea/workflows/testarch/bmad-testarch-nfr/checklist.md","7c940c238a25a53a6732ce2b5c74ae1e3fef020f61d032e03477024701462b5d"
"md","checklist","tea","tea/workflows/testarch/bmad-testarch-test-design/checklist.md","03f0058ceaa2bc2b8081b39db2c79293afb2a9e24cbce475770f2dbc0b97436d"
"md","checklist","tea","tea/workflows/testarch/bmad-testarch-test-review/checklist.md","5349341939bad271adae217749a0b960873d4a35dcb5f2f249bcfa5790c10617"
"md","checklist","tea","tea/workflows/testarch/bmad-testarch-trace/checklist.md","0fed29772d3b5c32bd447ae3631b91d5a8eaef4bf265337a061415545defe1c6"
"md","ci-burn-in","tea","tea/testarch/knowledge/ci-burn-in.md","cc9ca53c62b910872e399ec1d378542e211e70563ddbce9aba84af253e0c74ac"
"md","component-tdd","tea","tea/testarch/knowledge/component-tdd.md","88bd1f9ca1d5bcd1552828845fe80b86ff3acdf071bac574eda744caf7120ef8"
"md","contract-testing","tea","tea/testarch/knowledge/contract-testing.md","67c706135f3fd8fde5d112acbff37dc75a5ef847729752bc92bd735d6d85f393"
"md","data-factories","tea","tea/testarch/knowledge/data-factories.md","d7428fe7675da02b6f5c4c03213fc5e542063f61ab033efb47c1c5669b835d88"
"md","email-auth","tea","tea/testarch/knowledge/email-auth.md","43f4cc3138a905a91f4a69f358be6664a790b192811b4dfc238188e826f6b41b"
"md","error-handling","tea","tea/testarch/knowledge/error-handling.md","38975ebe2655b4d85035d8e740aef63fdef63dc31f9acf530142788060f62153"
"md","feature-flags","tea","tea/testarch/knowledge/feature-flags.md","5b3cf037169719e69d468ff2ecfc94711bc41fd3e330c6f81a404163bb09fdba"
"md","file-utils","tea","tea/testarch/knowledge/file-utils.md","7d1092930118fb160b9c0a4a48c398d9b08bb909d1e2432662d8e81e1e3b0087"
"md","fixture-architecture","tea","tea/testarch/knowledge/fixture-architecture.md","c0c62381e7a0385fe0d8b59861a3756994d3bbc673e4605ded9607d5217c7e55"
"md","fixtures-composition","tea","tea/testarch/knowledge/fixtures-composition.md","8e57a897663a272fd603026aeec76941543c1e09d129e377846726fd405f3a5a"
"md","instructions","tea","tea/workflows/testarch/bmad-teach-me-testing/instructions.md","40c4eed58b058a9cc8cab7d32f3dbb1960e535c6456620b46e12ebfbd7692506"
"md","instructions","tea","tea/workflows/testarch/bmad-testarch-atdd/instructions.md","ea47f7bd4668dbf3cea6d6692de799cd9f1f945b75f3457b771725449aa7c83a"
"md","instructions","tea","tea/workflows/testarch/bmad-testarch-automate/instructions.md","a330f40935ad454eb684d5ec22fa9abda49d158df0ba37d63cc97808a57d9741"
"md","instructions","tea","tea/workflows/testarch/bmad-testarch-ci/instructions.md","f0249b895246c71fa9e486b9090293596ce3f2a0d9b15f3a275f3206303a8805"
"md","instructions","tea","tea/workflows/testarch/bmad-testarch-framework/instructions.md","90a2618ab99fedecd6df0457aa836a393362e93180654669f8d2c27bb267f2d5"
"md","instructions","tea","tea/workflows/testarch/bmad-testarch-nfr/instructions.md","ea2abf088ba7138640ff458041c38bffb80ea04617f56751fc9c7d7c002e9329"
"md","instructions","tea","tea/workflows/testarch/bmad-testarch-test-design/instructions.md","9908ea552ae93255929086c85a11ee068dcd4748fc44e7e8189e9f3ca7e7d75e"
"md","instructions","tea","tea/workflows/testarch/bmad-testarch-test-review/instructions.md","bf7fa4a84baa56a94bd5f0da74c14aba2e2262bd4a419443009293d8a2d47b90"
"md","instructions","tea","tea/workflows/testarch/bmad-testarch-trace/instructions.md","cdb83252c5ed11cd40907c18ad42277d5a3aa6d6c9ad2cf9953956be7471e08c"
"md","intercept-network-call","tea","tea/testarch/knowledge/intercept-network-call.md","ac8213cc28a9f9c452a6fb419356dd1d66ce495d7f29d188fcb1bb51456ba869"
"md","log","tea","tea/testarch/knowledge/log.md","54b09992275e1ab361bf109b342a7d487cbb5bafa4e9cc48b320a1a5eb11857f"
"md","network-error-monitor","tea","tea/testarch/knowledge/network-error-monitor.md","c9041fd4af8162580a12c7adad79fdf7539fae7d6717fe7dace05e851c1b734c"
"md","network-first","tea","tea/testarch/knowledge/network-first.md","2920e58e145626f5505bcb75e263dbd0e6ac79a8c4c2ec138f5329e06a6ac014"
"md","network-recorder","tea","tea/testarch/knowledge/network-recorder.md","6ae5ee35a9f1816dc4bf7c4573f6be931a16567d697ff463867819cc39a3268d"
"md","nfr-criteria","tea","tea/testarch/knowledge/nfr-criteria.md","e63cee4a0193e4858c8f70ff33a497a1b97d13a69da66f60ed5c9a9853025aa1"
"md","nfr-report-template","tea","tea/workflows/testarch/bmad-testarch-nfr/nfr-report-template.md","452ac39fb19ccd6bbd2185a99c5fc431a7ba134cd641482cfa9a9f5c91a2bffa"
"md","overview","tea","tea/testarch/knowledge/overview.md","25ca75c93fbcef398c7ec7a201ece881f6f3a15f86cfc0a19a04b90a2c6dddbf"
"md","pact-consumer-di","tea","tea/testarch/knowledge/pact-consumer-di.md","c3883f65512dcebb78e611d9091fb8091f211b098685adb81719faefa365d793"
"md","pact-consumer-framework-setup","tea","tea/testarch/knowledge/pact-consumer-framework-setup.md","ed317c633c81dfe18166a68b777e30cc0fd13e94d284e996bad4aa365ea3de43"
"md","pact-mcp","tea","tea/testarch/knowledge/pact-mcp.md","c98b5bb74aa238af47aab8a00bee20afd25ceda7e50381ff4f18f6a91f9e6045"
"md","pactjs-utils-consumer-helpers","tea","tea/testarch/knowledge/pactjs-utils-consumer-helpers.md","3923dc48fb0e58646c065b93746d860bebe5bbbdd2c84246b8ad483000db1673"
"md","pactjs-utils-overview","tea","tea/testarch/knowledge/pactjs-utils-overview.md","64fcf26c2d5c7c183c8d7a83ed20d1f1857182724cfed5e92318dadb1b258584"
"md","pactjs-utils-provider-verifier","tea","tea/testarch/knowledge/pactjs-utils-provider-verifier.md","ac3e0d6e3137f927fef822a33f33d03c78d0a1ccd950fbca93ef1ef9276c109c"
"md","pactjs-utils-request-filter","tea","tea/testarch/knowledge/pactjs-utils-request-filter.md","6f900300880f2544511436fa68c24268b3b28e0498af6dc43c848047a3cbff18"
"md","playwright-cli","tea","tea/testarch/knowledge/playwright-cli.md","e6d91a73ae853aab5aefa7aebd3245f01f8fbc0d7cbd81966f16815e6c7a2c53"
"md","playwright-config","tea","tea/testarch/knowledge/playwright-config.md","6cf92e96ba3af753da3cf627f7c44b9090a590a35f1d24f6849cd5d20bd1b678"
"md","probability-impact","tea","tea/testarch/knowledge/probability-impact.md","446dba0caa1eb162734514f35366f8c38ed3666528b0b5e16c7f03fd3c537d0f"
"md","README","tea","tea/workflows/testarch/README.md","044c8c0207041e6f48eaca87a0b240f30dff8ed6d5253fd4f4f5e47d44825e86"
"md","recurse","tea","tea/testarch/knowledge/recurse.md","7937897b8d8fd74ab647634fb549ba9344e86d39f9a705e8731a7531e51ad726"
"md","risk-governance","tea","tea/testarch/knowledge/risk-governance.md","500482561420c9f2caad2eb92e5c503208adaa5ab952a317359556b3f11376f1"
"md","selective-testing","tea","tea/testarch/knowledge/selective-testing.md","060651774648174fdbff0fe7b858bd81d7c3bce8ee5a53ed7c1ba56e4dd4bbe0"
"md","selector-resilience","tea","tea/testarch/knowledge/selector-resilience.md","a55c25a340f1cd10811802665754a3f4eab0c82868fea61fea9cc61aa47ac179"
"md","session-notes-template","tea","tea/workflows/testarch/bmad-teach-me-testing/templates/session-notes-template.md","bdcc8dac35ed5ce2c7a95ab0fd55b2dfa27e3173ed1f5d78e44f8755514e1c70"
"md","SKILL","tea","tea/workflows/testarch/bmad-teach-me-testing/SKILL.md","1ae9a9e31257ce5fd96db671790b210889a96b51d8e3b52fe1595e1d30e1af40"
"md","SKILL","tea","tea/workflows/testarch/bmad-testarch-atdd/SKILL.md","e35f3f853bfec58d1b04f00a687c54921d19495e6b2045c9b21a10d651d5565b"
"md","SKILL","tea","tea/workflows/testarch/bmad-testarch-automate/SKILL.md","9f48ff94935c6c46c91a2581f5ce488294faa0cc3c2df68d96d8df127c414579"
"md","SKILL","tea","tea/workflows/testarch/bmad-testarch-ci/SKILL.md","bfc0ce37f12b9b699d3613bfcc8a05330a4f8f0eb583518a1fb3db0fd0da7c9a"
"md","SKILL","tea","tea/workflows/testarch/bmad-testarch-framework/SKILL.md","09cce11e802bc4f8eb88301ecddf8ee1517dc956145f525d2c31a09fd3138c4c"
"md","SKILL","tea","tea/workflows/testarch/bmad-testarch-nfr/SKILL.md","fd94d3eb73af74b7ebc76d5309835783eb964e0828b96b49dce5af4efd2014ff"
"md","SKILL","tea","tea/workflows/testarch/bmad-testarch-test-design/SKILL.md","e7c6e3357e048e41631a52d00427866cfd7407ff2ad885ffb02a1316243655c5"
"md","SKILL","tea","tea/workflows/testarch/bmad-testarch-test-review/SKILL.md","8695616858418510b59b6876b3d9cf72240ee035af36d6c55543bc3ba8414b51"
"md","SKILL","tea","tea/workflows/testarch/bmad-testarch-trace/SKILL.md","2bea8f5abd934499f99b36c2790142d001121333c24aba72bbbc460901f46ae0"
"md","step-01-assess","tea","tea/workflows/testarch/bmad-testarch-atdd/steps-e/step-01-assess.md","a98e5d250cd980cbe6bdc33682763512622eee8db3610d42f85e621df6eecf2d"
"md","step-01-assess","tea","tea/workflows/testarch/bmad-testarch-automate/steps-e/step-01-assess.md","a98e5d250cd980cbe6bdc33682763512622eee8db3610d42f85e621df6eecf2d"
"md","step-01-assess","tea","tea/workflows/testarch/bmad-testarch-ci/steps-e/step-01-assess.md","a98e5d250cd980cbe6bdc33682763512622eee8db3610d42f85e621df6eecf2d"
"md","step-01-assess","tea","tea/workflows/testarch/bmad-testarch-framework/steps-e/step-01-assess.md","a98e5d250cd980cbe6bdc33682763512622eee8db3610d42f85e621df6eecf2d"
"md","step-01-assess","tea","tea/workflows/testarch/bmad-testarch-nfr/steps-e/step-01-assess.md","a98e5d250cd980cbe6bdc33682763512622eee8db3610d42f85e621df6eecf2d"
"md","step-01-assess","tea","tea/workflows/testarch/bmad-testarch-test-design/steps-e/step-01-assess.md","a98e5d250cd980cbe6bdc33682763512622eee8db3610d42f85e621df6eecf2d"
"md","step-01-assess","tea","tea/workflows/testarch/bmad-testarch-test-review/steps-e/step-01-assess.md","a98e5d250cd980cbe6bdc33682763512622eee8db3610d42f85e621df6eecf2d"
"md","step-01-assess","tea","tea/workflows/testarch/bmad-testarch-trace/steps-e/step-01-assess.md","a98e5d250cd980cbe6bdc33682763512622eee8db3610d42f85e621df6eecf2d"
"md","step-01-detect-mode","tea","tea/workflows/testarch/bmad-testarch-test-design/steps-c/step-01-detect-mode.md","48696d5760479dd78b9f45e6e87721acef95e54c3aee2e618f6bb485f05a74c6"
"md","step-01-init","tea","tea/workflows/testarch/bmad-teach-me-testing/steps-c/step-01-init.md","9a4ac8b773ebf75653d648d668a58c21d7e8ebae979e1dfd1a04e1bafb2eeaa9"
"md","step-01-load-context","tea","tea/workflows/testarch/bmad-testarch-nfr/steps-c/step-01-load-context.md","1bd9a9d8fa6a456d7a1466956a476698b0ee70ebb621f0070c440f40e0bfba96"
"md","step-01-load-context","tea","tea/workflows/testarch/bmad-testarch-test-review/steps-c/step-01-load-context.md","151c2dd262d13ffc692cb8601c922f9fe46736f60aa753c71dbd8fd9313b89ad"
"md","step-01-load-context","tea","tea/workflows/testarch/bmad-testarch-trace/steps-c/step-01-load-context.md","3527da6233a1821bc89683a83d8299810a6892753955bd91f863d7fd3f692de4"
"md","step-01-preflight","tea","tea/workflows/testarch/bmad-testarch-ci/steps-c/step-01-preflight.md","fbff84d7fb1680a7b887fb8c1874cf5dbdeec3a200b8746cc9681d65ce692277"
"md","step-01-preflight","tea","tea/workflows/testarch/bmad-testarch-framework/steps-c/step-01-preflight.md","df7d70e9feac8df36fb89b449545fca6b739700e23f696b582c9d90122feba33"
"md","step-01-preflight-and-context","tea","tea/workflows/testarch/bmad-testarch-atdd/steps-c/step-01-preflight-and-context.md","f396156e6f465120cb5a04a5a71fc752b9ca68b1adba834b71f878175e3173f6"
"md","step-01-preflight-and-context","tea","tea/workflows/testarch/bmad-testarch-automate/steps-c/step-01-preflight-and-context.md","59eb82f3177dc0e3fae6fe04ea80337a323d3476dfd0ce210a566fb64243e245"
"md","step-01-validate","tea","tea/workflows/testarch/bmad-testarch-atdd/steps-v/step-01-validate.md","b9951eb60134b511fb26a0af757b8c89fbbe4a6fc9620cfbae6b74cb9d312da5"
"md","step-01-validate","tea","tea/workflows/testarch/bmad-testarch-automate/steps-v/step-01-validate.md","f0044d7db87235d5814ae02217bff4e9cfe6b4457a37917e31c48d04be3b765d"
"md","step-01-validate","tea","tea/workflows/testarch/bmad-testarch-ci/steps-v/step-01-validate.md","fd26ab264a9fa937bc94f99327d1ecfa9977b6ebc99aec90d7354fbcaf22188c"
"md","step-01-validate","tea","tea/workflows/testarch/bmad-testarch-framework/steps-v/step-01-validate.md","63a16923831596800fd4dd7c7bb3aefe1cd11dcf1caa6c822fdc4ec9df8f7926"
"md","step-01-validate","tea","tea/workflows/testarch/bmad-testarch-nfr/steps-v/step-01-validate.md","f6115af429f6e1ad012dce12fb9692b471f5245340060f00e85c5830c716c2c1"
"md","step-01-validate","tea","tea/workflows/testarch/bmad-testarch-test-design/steps-v/step-01-validate.md","34885b7d44716847b7e349520a5f14dcbaea2c330b53c4062892e436ca23be96"
"md","step-01-validate","tea","tea/workflows/testarch/bmad-testarch-test-review/steps-v/step-01-validate.md","4bf0c205961ba0aa642efee9cd5d8234284b158ebf1ab17b47963a7695d6f815"
"md","step-01-validate","tea","tea/workflows/testarch/bmad-testarch-trace/steps-v/step-01-validate.md","5b024f898b7665a0d53976a045aa99d0ea95089fd368bc3149b48bc48866a4ed"
"md","step-01b-continue","tea","tea/workflows/testarch/bmad-teach-me-testing/steps-c/step-01b-continue.md","6640cc4b88a8c52655491546fedd4e41396e81ec1f635ce8679f96a350921537"
"md","step-01b-resume","tea","tea/workflows/testarch/bmad-testarch-atdd/steps-c/step-01b-resume.md","029818d17dce00980da53768cc2e82720fba35591714853887f0e51198b99f13"
"md","step-01b-resume","tea","tea/workflows/testarch/bmad-testarch-automate/steps-c/step-01b-resume.md","60153862c91240326628d85284357dbd7688636b43c5a04c00a96926aeb71d3b"
"md","step-01b-resume","tea","tea/workflows/testarch/bmad-testarch-ci/steps-c/step-01b-resume.md","b1e63561bfc0808481e6c408c94d4c1fcf12e0b204c8a9d9d0974040ab65d02d"
"md","step-01b-resume","tea","tea/workflows/testarch/bmad-testarch-framework/steps-c/step-01b-resume.md","c9e5bffd9fa15d28089442b960e3fb6c72a2f04c6cae911378d7362af9b77296"
"md","step-01b-resume","tea","tea/workflows/testarch/bmad-testarch-nfr/steps-c/step-01b-resume.md","4db8d8f53e0e42023971c9175e65d85fc936bbf77165e81c09e79f0e80db120a"
"md","step-01b-resume","tea","tea/workflows/testarch/bmad-testarch-test-design/steps-c/step-01b-resume.md","b4eeb6b1687a5a94bef7c8b9492b1ff3e0c6a7ee57e6a04b19229d32044effd0"
"md","step-01b-resume","tea","tea/workflows/testarch/bmad-testarch-test-review/steps-c/step-01b-resume.md","eea2c5d20b738ee20d182632ba60eda3af524421f5eeded7a06ad9adb5dff44c"
"md","step-01b-resume","tea","tea/workflows/testarch/bmad-testarch-trace/steps-c/step-01b-resume.md","4d589f5b86d5c2766e59e9b5ad1bddef1cf3cb815aeffb4b6bf3b004f5b2c141"
"md","step-02-apply-edit","tea","tea/workflows/testarch/bmad-testarch-atdd/steps-e/step-02-apply-edit.md","053a6c2c2a7605a0fb942e2f72c0a52e46eab993cf100883a3f40d2eb271b612"
"md","step-02-apply-edit","tea","tea/workflows/testarch/bmad-testarch-automate/steps-e/step-02-apply-edit.md","053a6c2c2a7605a0fb942e2f72c0a52e46eab993cf100883a3f40d2eb271b612"
"md","step-02-apply-edit","tea","tea/workflows/testarch/bmad-testarch-ci/steps-e/step-02-apply-edit.md","053a6c2c2a7605a0fb942e2f72c0a52e46eab993cf100883a3f40d2eb271b612"
"md","step-02-apply-edit","tea","tea/workflows/testarch/bmad-testarch-framework/steps-e/step-02-apply-edit.md","053a6c2c2a7605a0fb942e2f72c0a52e46eab993cf100883a3f40d2eb271b612"
"md","step-02-apply-edit","tea","tea/workflows/testarch/bmad-testarch-nfr/steps-e/step-02-apply-edit.md","053a6c2c2a7605a0fb942e2f72c0a52e46eab993cf100883a3f40d2eb271b612"
"md","step-02-apply-edit","tea","tea/workflows/testarch/bmad-testarch-test-design/steps-e/step-02-apply-edit.md","053a6c2c2a7605a0fb942e2f72c0a52e46eab993cf100883a3f40d2eb271b612"
"md","step-02-apply-edit","tea","tea/workflows/testarch/bmad-testarch-test-review/steps-e/step-02-apply-edit.md","053a6c2c2a7605a0fb942e2f72c0a52e46eab993cf100883a3f40d2eb271b612"
"md","step-02-apply-edit","tea","tea/workflows/testarch/bmad-testarch-trace/steps-e/step-02-apply-edit.md","053a6c2c2a7605a0fb942e2f72c0a52e46eab993cf100883a3f40d2eb271b612"
"md","step-02-assess","tea","tea/workflows/testarch/bmad-teach-me-testing/steps-c/step-02-assess.md","21a2f9f2ef55cc191ccf840cc25df325b21b339244d8ab7dd5649dd3d3b33878"
"md","step-02-define-thresholds","tea","tea/workflows/testarch/bmad-testarch-nfr/steps-c/step-02-define-thresholds.md","1884465177bc20061a4ffbd3e61701b160ad79a49eec1038e2b55e15edbe1e34"
"md","step-02-discover-tests","tea","tea/workflows/testarch/bmad-testarch-test-review/steps-c/step-02-discover-tests.md","1177af35cdf901a16988eeca2651432b7353becb77512b71979238fe6c38ba08"
"md","step-02-discover-tests","tea","tea/workflows/testarch/bmad-testarch-trace/steps-c/step-02-discover-tests.md","7e9b87ac2a870b075eab8e03c3ebb07f03b7cd458c3dbdef1502078b29d3df36"
"md","step-02-generate-pipeline","tea","tea/workflows/testarch/bmad-testarch-ci/steps-c/step-02-generate-pipeline.md","ffa5248d23ac2d844581d5ddc9c87facce040b8ed5a54a4ddc393814e894d2dd"
"md","step-02-generation-mode","tea","tea/workflows/testarch/bmad-testarch-atdd/steps-c/step-02-generation-mode.md","2fa9c59ecba5b9bf0c793d408d8827c6ff06478394d5220fddadc88834061c72"
"md","step-02-identify-targets","tea","tea/workflows/testarch/bmad-testarch-automate/steps-c/step-02-identify-targets.md","a03c8c759a184bef4f9cede1ec193ad7ef63eac4dbf1468303c1799c36dad9b4"
"md","step-02-load-context","tea","tea/workflows/testarch/bmad-testarch-test-design/steps-c/step-02-load-context.md","b579018577ffe7f03d5dbeb80ea5899a886fd68e3590d2330fe62ed3fde43ac6"
"md","step-02-select-framework","tea","tea/workflows/testarch/bmad-testarch-framework/steps-c/step-02-select-framework.md","0ab007159ec56a5ea42cb3de56b4456daf660e5f9bdc73cf9e4fd4e650ebe782"
"md","step-03-configure-quality-gates","tea","tea/workflows/testarch/bmad-testarch-ci/steps-c/step-03-configure-quality-gates.md","94644196c0ecd496ff1c4edf2a0fced911ca6803e99cfdf2e4a48bc80d4f4367"
"md","step-03-gather-evidence","tea","tea/workflows/testarch/bmad-testarch-nfr/steps-c/step-03-gather-evidence.md","9b74446085e31d5113dcbfc0f1f14854099faa269df70e0fbbcf5be2f94c7ed6"
"md","step-03-generate-tests","tea","tea/workflows/testarch/bmad-testarch-automate/steps-c/step-03-generate-tests.md","dea229e40e2c2c1ecd9eba16a4b1f3836b13c165ed54ed266624bf3217ee62be"
"md","step-03-map-criteria","tea","tea/workflows/testarch/bmad-testarch-trace/steps-c/step-03-map-criteria.md","8459317d5db9ca972b4892b85698ee4edd521902a098344e692c6d9bcc18a704"
"md","step-03-quality-evaluation","tea","tea/workflows/testarch/bmad-testarch-test-review/steps-c/step-03-quality-evaluation.md","706f114f1e13e824c55ae1620086103c89121ad155ca911ab1530832e972b86e"
"md","step-03-risk-and-testability","tea","tea/workflows/testarch/bmad-testarch-test-design/steps-c/step-03-risk-and-testability.md","6bd73e152520edb7ac302dbbbb015829ed82fbff135a5d1d5ef1b961ae8ffece"
"md","step-03-scaffold-framework","tea","tea/workflows/testarch/bmad-testarch-framework/steps-c/step-03-scaffold-framework.md","e6890be407db76676966a3e907449f21200a9e371fd5ec9a7d6898dee622399e"
"md","step-03-session-menu","tea","tea/workflows/testarch/bmad-teach-me-testing/steps-c/step-03-session-menu.md","cdd71419e3d2e4c22132d66a9be1149235c2b59cef39cb75c0608c05ac072d6f"
"md","step-03-test-strategy","tea","tea/workflows/testarch/bmad-testarch-atdd/steps-c/step-03-test-strategy.md","7bf8961677a75612b2be69e9a91d908fb5cc68d73dadff77f1012a321b871508"
"md","step-03a-subagent-api","tea","tea/workflows/testarch/bmad-testarch-automate/steps-c/step-03a-subagent-api.md","a7aa0bdb6b30cb7a8a7b2d765613d9d0f254dfab38be8a850b44c23de93fc450"
"md","step-03a-subagent-determinism","tea","tea/workflows/testarch/bmad-testarch-test-review/steps-c/step-03a-subagent-determinism.md","8ac77c72ac9b304dbb1f4f1f7ace91c162c1853634b210a331f2f10f583fccbb"
"md","step-03b-subagent-backend","tea","tea/workflows/testarch/bmad-testarch-automate/steps-c/step-03b-subagent-backend.md","467714d0a7a917fbc208afbcf70bcd2b7dd4db452e05f2c2c37a5b2e41ffe36c"
"md","step-03b-subagent-e2e","tea","tea/workflows/testarch/bmad-testarch-automate/steps-c/step-03b-subagent-e2e.md","d35388949aad5db13ce4068df95712520050542fa6cfd274e4f6528697acbfa0"
"md","step-03b-subagent-isolation","tea","tea/workflows/testarch/bmad-testarch-test-review/steps-c/step-03b-subagent-isolation.md","67326e3f4a8f9649e02be6c96dabedbd189c4018529d05db83127c17043e68e7"
"md","step-03c-aggregate","tea","tea/workflows/testarch/bmad-testarch-automate/steps-c/step-03c-aggregate.md","653e65646a3787472a61722a2f51596e224e3f5c82bd820baba887c35d92ee5f"
"md","step-03c-subagent-maintainability","tea","tea/workflows/testarch/bmad-testarch-test-review/steps-c/step-03c-subagent-maintainability.md","40608ac2fd47e712160ce44924c9e318842d82aeaec155583aa95723716dc0ba"
"md","step-03e-subagent-performance","tea","tea/workflows/testarch/bmad-testarch-test-review/steps-c/step-03e-subagent-performance.md","94dcbe45080218fe07e6c2d7452e4223c9bcb774e107ac84b0332bfca996c915"
"md","step-03f-aggregate-scores","tea","tea/workflows/testarch/bmad-testarch-test-review/steps-c/step-03f-aggregate-scores.md","5a4f6bf6159a7618b9b6c2eb892f4986e886d25a262d8e66512579b0a656b7cb"
"md","step-04-analyze-gaps","tea","tea/workflows/testarch/bmad-testarch-trace/steps-c/step-04-analyze-gaps.md","159cd6f123d21c5878ec38b14a4a6ccc0aa52b0775681363870219fe00b7e2b4"
"md","step-04-coverage-plan","tea","tea/workflows/testarch/bmad-testarch-test-design/steps-c/step-04-coverage-plan.md","2d6d9b2dce0371d3269a0f9987a40daefce228a3febce226b9f5563ab2e1b32c"
"md","step-04-docs-and-scripts","tea","tea/workflows/testarch/bmad-testarch-framework/steps-c/step-04-docs-and-scripts.md","c6c4fe85650286744422c4ffb9184494528aef28a86d72020ac598e20b66d51d"
"md","step-04-evaluate-and-score","tea","tea/workflows/testarch/bmad-testarch-nfr/steps-c/step-04-evaluate-and-score.md","69ad31112822fbbb1c6b7d00d956ca54ba97b7297e5074f4ee36e66b68c4e56e"
"md","step-04-generate-report","tea","tea/workflows/testarch/bmad-testarch-test-review/steps-c/step-04-generate-report.md","b475dc9300a9ddde6c6f5ddb1219df094f3a766e4540bb1462c04c7ef1ce4990"
"md","step-04-generate-tests","tea","tea/workflows/testarch/bmad-testarch-atdd/steps-c/step-04-generate-tests.md","ed4a5ef22792799a492109340248489dacb0869b70e7c7e8ed871d427f791ef2"
"md","step-04-session-01","tea","tea/workflows/testarch/bmad-teach-me-testing/steps-c/step-04-session-01.md","8573a43249eb408ec201cce49d2cbb61a304b7a4ca39a88c75c4dbc364e0149b"
"md","step-04-session-02","tea","tea/workflows/testarch/bmad-teach-me-testing/steps-c/step-04-session-02.md","a4081fca2bbb9b3fc06f83006b2ec6394fcdea018be2cdff6589ac4cc2c8a6f9"
"md","step-04-session-03","tea","tea/workflows/testarch/bmad-teach-me-testing/steps-c/step-04-session-03.md","729a7193128f6bad23b7da0f0893c7f78f08057d6fed30ddf339700b22b5e78e"
"md","step-04-session-04","tea","tea/workflows/testarch/bmad-teach-me-testing/steps-c/step-04-session-04.md","4fb21909bdb382b3964723d9aa02442c588f74006fddc14a28d7dc133bc6f2dc"
"md","step-04-session-05","tea","tea/workflows/testarch/bmad-teach-me-testing/steps-c/step-04-session-05.md","abad9591931c5d39e4f9c0a5d1c0688c8b8b0891e5e20bebebbcea45db802dc2"
"md","step-04-session-06","tea","tea/workflows/testarch/bmad-teach-me-testing/steps-c/step-04-session-06.md","03ef83440e4fb0f0d11dfc884d1f88016fef213edf7db9e72ba6d469283cb8af"
"md","step-04-session-07","tea","tea/workflows/testarch/bmad-teach-me-testing/steps-c/step-04-session-07.md","5f534f33567c6151b739f462d92b1d4b2b8c869be9f7359efdeafa78d5e9e720"
"md","step-04-validate-and-summarize","tea","tea/workflows/testarch/bmad-testarch-automate/steps-c/step-04-validate-and-summarize.md","2826e30ac9b288483e7d33bf9beb9f1e970ad1b248d8ea0c80712eee3efa309e"
"md","step-04-validate-and-summary","tea","tea/workflows/testarch/bmad-testarch-ci/steps-c/step-04-validate-and-summary.md","60e0b7ba72a5ae0c2d20d78800f5b355b7d075798a8c26114315b928aa273cac"
"md","step-04a-subagent-api-failing","tea","tea/workflows/testarch/bmad-testarch-atdd/steps-c/step-04a-subagent-api-failing.md","371861a56d43d5e6b18fbe9a52326550d22b3f30226791ee0471f38e74fb123e"
"md","step-04a-subagent-security","tea","tea/workflows/testarch/bmad-testarch-nfr/steps-c/step-04a-subagent-security.md","5937d1ae8f60789609577e023803aba78bbce631b53e0981b319ec4786e63527"
"md","step-04b-subagent-e2e-failing","tea","tea/workflows/testarch/bmad-testarch-atdd/steps-c/step-04b-subagent-e2e-failing.md","3fc97f9defee8a64ebba2c5ebaa758e09810a632d04d065879932afc67e609a3"
"md","step-04b-subagent-performance","tea","tea/workflows/testarch/bmad-testarch-nfr/steps-c/step-04b-subagent-performance.md","0198f7582e8ca357d781c039720ae0b986b8dec0ab2f43214969822331ad6229"
"md","step-04c-aggregate","tea","tea/workflows/testarch/bmad-testarch-atdd/steps-c/step-04c-aggregate.md","0b3a97471c7683c6b6797db232a52a59c7f7ddad80eeafcf0d5ee4423a59a04e"
"md","step-04c-subagent-reliability","tea","tea/workflows/testarch/bmad-testarch-nfr/steps-c/step-04c-subagent-reliability.md","5d3a84eb3097458b74747edaaf93b8ac2ecefdb9f626189cf1a520a9d2f76696"
"md","step-04d-subagent-scalability","tea","tea/workflows/testarch/bmad-testarch-nfr/steps-c/step-04d-subagent-scalability.md","8a069d3377e5018f2b7ca8b142788e0da76c81b4b56af2eb380d9338e9673b45"
"md","step-04e-aggregate-nfr","tea","tea/workflows/testarch/bmad-testarch-nfr/steps-c/step-04e-aggregate-nfr.md","109e0977a95571639512a2b0fdbd28262ce4a6d0f203daa56c9630aa0066a82e"
"md","step-05-completion","tea","tea/workflows/testarch/bmad-teach-me-testing/steps-c/step-05-completion.md","8d978ed5f3954b9f5c962dd1190e2c83dceff9e3a9b0981c7e008ba02d546edd"
"md","step-05-gate-decision","tea","tea/workflows/testarch/bmad-testarch-trace/steps-c/step-05-gate-decision.md","22fd5abf5e4e378fabdfb9738e744bccb6477a37af67f3e33bb0c9c3769d5b5c"
"md","step-05-generate-output","tea","tea/workflows/testarch/bmad-testarch-test-design/steps-c/step-05-generate-output.md","652d7e6604df8d71efd08a31e66bd815bbe0fbdcc4e2ade72585b07b1bbe1bcf"
"md","step-05-generate-report","tea","tea/workflows/testarch/bmad-testarch-nfr/steps-c/step-05-generate-report.md","28246c1b3b25364090d7387bea500cd62eab86dfc937cd9f6dbc40326871fb0d"
"md","step-05-validate-and-complete","tea","tea/workflows/testarch/bmad-testarch-atdd/steps-c/step-05-validate-and-complete.md","b5b10be0212b3c7c7ee46206b4b83cd960ad291d377b6e3f8e68960a0c2d5560"
"md","step-05-validate-and-summary","tea","tea/workflows/testarch/bmad-testarch-framework/steps-c/step-05-validate-and-summary.md","8e3c857159a4af0223b3d0a7f58d4db84b330fab9e1124bd6c084fc656155e59"
"md","step-e-01-assess-workflow","tea","tea/workflows/testarch/bmad-teach-me-testing/steps-e/step-e-01-assess-workflow.md","b7b3cc8d845b79e9ef81d8c835f63bcbedc930396c0cab49a946dff1b6819e7a"
"md","step-e-02-apply-edits","tea","tea/workflows/testarch/bmad-teach-me-testing/steps-e/step-e-02-apply-edits.md","081679a34b6c02804d77156866ba9d41e1dd2952a902314b4937863ce874f27d"
"md","step-v-01-validate","tea","tea/workflows/testarch/bmad-teach-me-testing/steps-v/step-v-01-validate.md","b33a9eaac964dbe08d10ff15744f40b8118edc69844c856d4f80b9ba2da77865"
"md","test-design-architecture-template","tea","tea/workflows/testarch/bmad-testarch-test-design/test-design-architecture-template.md","39100455791354f6fb61205d096214b55f7db88c97ab5d67784f7c9b4f25238d"
"md","test-design-handoff-template","tea","tea/workflows/testarch/bmad-testarch-test-design/test-design-handoff-template.md","ce1dd24dd95244e4a511bef74a3a7cb10e5620a3a137195a31608f81ac7e7b1b"
"md","test-design-qa-template","tea","tea/workflows/testarch/bmad-testarch-test-design/test-design-qa-template.md","efd4de50c46a03e746c8a90e79396c6f1478108f61c35fb10723e49c16b67397"
"md","test-design-template","tea","tea/workflows/testarch/bmad-testarch-test-design/test-design-template.md","44c67b0890a7dca5556d8e89ba0625d70670fef7163fbfb0c22d32f179213c00"
"md","test-healing-patterns","tea","tea/testarch/knowledge/test-healing-patterns.md","b44f7db1ebb1c20ca4ef02d12cae95f692876aee02689605d4b15fe728d28fdf"
"md","test-levels-framework","tea","tea/testarch/knowledge/test-levels-framework.md","80bbac7959a47a2e7e7de82613296f906954d571d2d64ece13381c1a0b480237"
"md","test-priorities-matrix","tea","tea/testarch/knowledge/test-priorities-matrix.md","321c3b708cc19892884be0166afa2a7197028e5474acaf7bc65c17ac861964a5"
"md","test-quality","tea","tea/testarch/knowledge/test-quality.md","97b6db474df0ec7a98a15fd2ae49671bb8e0ddf22963f3c4c47917bb75c05b90"
"md","test-review-template","tea","tea/workflows/testarch/bmad-testarch-test-review/test-review-template.md","a58e8a11043cddd5fd559796b6f1012ea96c131be8f793b9ac9659fb32faf4fc"
"md","timing-debugging","tea","tea/testarch/knowledge/timing-debugging.md","c4c87539bbd3fd961369bb1d7066135d18c6aad7ecd70256ab5ec3b26a8777d9"
"md","trace-template","tea","tea/workflows/testarch/bmad-testarch-trace/trace-template.md","e7bac767e41d8667c2db82f7ebf8222516bc89350232294caa985ac0a9d7ec54"
"md","validation-report-20260127-095021","tea","tea/workflows/testarch/bmad-testarch-atdd/validation-report-20260127-095021.md","39c8d0dcaaa67d648d114d7fc9b087670af8c85377eb6513544645a5b938e7fe"
"md","validation-report-20260127-095021","tea","tea/workflows/testarch/bmad-testarch-automate/validation-report-20260127-095021.md","23b68497a6fb9d93aa7920eb28b5ad36a8f9ab2532a145255ea5878e53592f98"
"md","validation-report-20260127-095021","tea","tea/workflows/testarch/bmad-testarch-ci/validation-report-20260127-095021.md","aad800795280bad317d157a4d83ae14944b39ed4a9e5a9f34b996bc934d24af2"
"md","validation-report-20260127-095021","tea","tea/workflows/testarch/bmad-testarch-framework/validation-report-20260127-095021.md","05e86702f8cd4b1bad25b7b90c30fe266485f9116ad12af1ee50228d4169992b"
"md","validation-report-20260127-095021","tea","tea/workflows/testarch/bmad-testarch-nfr/validation-report-20260127-095021.md","5fc96e42e9b7d32b3252612ee514752346c3e29100b810a28adf996706a61589"
"md","validation-report-20260127-095021","tea","tea/workflows/testarch/bmad-testarch-test-design/validation-report-20260127-095021.md","2294b9b719227b7c083b8aecf4fc0bf6323f6b7686aec0010ba94e38ddea4aba"
"md","validation-report-20260127-095021","tea","tea/workflows/testarch/bmad-testarch-test-review/validation-report-20260127-095021.md","b370ec9724d036e262e950bbeeb244cd414cd4ae49f437d47695b2c07354f6f4"
"md","validation-report-20260127-095021","tea","tea/workflows/testarch/bmad-testarch-trace/validation-report-20260127-095021.md","a4cf09ad228331217530e473507d1a1b791d3a3cbf471007bb799fcbecbb64c7"
"md","validation-report-20260127-102401","tea","tea/workflows/testarch/bmad-testarch-atdd/validation-report-20260127-102401.md","b749c37581244d028897b78aa6470ee0b9e7a78cdc4975bfd8aed1bd3f374370"
"md","validation-report-20260127-102401","tea","tea/workflows/testarch/bmad-testarch-automate/validation-report-20260127-102401.md","3322f92f5dc4d28c07e08a6a20f7cd77c702f7de04ecba9af6975a7463d845b5"
"md","validation-report-20260127-102401","tea","tea/workflows/testarch/bmad-testarch-ci/validation-report-20260127-102401.md","38864f41d588c5b075c5e09539729e1f4101b1def47c794a68bba5a2db23cb7a"
"md","validation-report-20260127-102401","tea","tea/workflows/testarch/bmad-testarch-framework/validation-report-20260127-102401.md","e584a2aaf88cd4d65a37ab03668c523a8e55b830ea957c205acfad149febb1ef"
"md","validation-report-20260127-102401","tea","tea/workflows/testarch/bmad-testarch-nfr/validation-report-20260127-102401.md","39206e32d3ac4c93475e3444ceeac9babb3a2d94588155a944e03cd153f1e9ab"
"md","validation-report-20260127-102401","tea","tea/workflows/testarch/bmad-testarch-test-design/validation-report-20260127-102401.md","7fbef44391edac74342d14f02688176f96a291c30792fdf26721a872c1ba2b6d"
"md","validation-report-20260127-102401","tea","tea/workflows/testarch/bmad-testarch-test-review/validation-report-20260127-102401.md","13c684351c4c4ae274f3ea9827b00d7bab7daf694980f5bfc74c592aa2617f1a"
"md","validation-report-20260127-102401","tea","tea/workflows/testarch/bmad-testarch-trace/validation-report-20260127-102401.md","0774915e82411e21d505e11cf659bc1f3b7b0e252513b1de067b0c7d8c567c37"
"md","visual-debugging","tea","tea/testarch/knowledge/visual-debugging.md","916be784cb0c78ebee83698e3c4ea55d8019318dcb27a51bc36f98ed802299eb"
"md","workflow","tea","tea/workflows/testarch/bmad-teach-me-testing/workflow.md","2caf4fcd47e79f1549041adf9136a7a7d2aceaefaff1fb188954d1d7bbd983f8"
"md","workflow","tea","tea/workflows/testarch/bmad-testarch-atdd/workflow.md","d36b50c2b5646db27024bd26cf2fbe3d91a41805c9d3afab32336384a3853795"
"md","workflow","tea","tea/workflows/testarch/bmad-testarch-automate/workflow.md","8389f938a63c6c3b2d7428600239f26af12a8b4d713d7dd4b9cf3a4d35c4f6de"
"md","workflow","tea","tea/workflows/testarch/bmad-testarch-ci/workflow.md","9ca63c09af5d10e95991057f2dabd70e3c54bc332baf5de4f7046cc910aa782d"
"md","workflow","tea","tea/workflows/testarch/bmad-testarch-framework/workflow.md","6c034c1525ff221ef7fb2da7788358b4b6d781949ddf850fb51f900d0f3b7c27"
"md","workflow","tea","tea/workflows/testarch/bmad-testarch-nfr/workflow.md","9851d567b98c416cf77fb3c10dfa218163108cd2e57f4d02f2f05f32668d3d89"
"md","workflow","tea","tea/workflows/testarch/bmad-testarch-test-design/workflow.md","36bcd0062e339e4c2c496819556fb21dc67f0a6f300eea7ed216e66e2b10b4ac"
"md","workflow","tea","tea/workflows/testarch/bmad-testarch-test-review/workflow.md","a7572e4c203fe23d75f0d9769e11f9fdd8673105241ebf5b289d5033fef281ff"
"md","workflow","tea","tea/workflows/testarch/bmad-testarch-trace/workflow.md","cdbc956f8120caca3d9a44c3cf6400ebcefeff1ea34a5de32edeadb8ee216f4c"
"md","workflow-plan","tea","tea/workflows/testarch/bmad-testarch-atdd/workflow-plan.md","b86e22eff2f91249f83cdd4c5a95cfe9caff51eded0cd1b7f51912ec61349183"
"md","workflow-plan","tea","tea/workflows/testarch/bmad-testarch-automate/workflow-plan.md","3d3cd40c76dc9f0c2387bef34e9391a9d3a25fe04ea4ebedb6adb72684a3ad06"
"md","workflow-plan","tea","tea/workflows/testarch/bmad-testarch-ci/workflow-plan.md","628dae2fcc680824c0e376feca84ce05b7cd674f0d5efc935964f4e705dddeb3"
"md","workflow-plan","tea","tea/workflows/testarch/bmad-testarch-framework/workflow-plan.md","6e181a5bd34a182f85fc9886bf205f13e89e6325db282f6e0f21cd59f122b7ab"
"md","workflow-plan","tea","tea/workflows/testarch/bmad-testarch-nfr/workflow-plan.md","85ad2ae434f5fbdd55f84f4349f38ea1c72444fc5485821a8a4562a5da891b5a"
"md","workflow-plan","tea","tea/workflows/testarch/bmad-testarch-test-design/workflow-plan.md","e3b7f847205fb9c004b9772af0da7d9ed4c5038cbedd66c388d6a3b640be5a04"
"md","workflow-plan","tea","tea/workflows/testarch/bmad-testarch-test-review/workflow-plan.md","15723c03eee5bfc852cd39b843bf4435dabdf02f59a77bb8a8683c4ab8cb3ed6"
"md","workflow-plan","tea","tea/workflows/testarch/bmad-testarch-trace/workflow-plan.md","1a8d18420d10ecc4a775a858f4e55271bb8e8fca8f1fe98fa3fedaee353097d9"
"md","workflow-plan-teach-me-testing","tea","tea/workflows/testarch/bmad-teach-me-testing/workflow-plan-teach-me-testing.md","0c428ddb0613129d7798e60a820d3ae75de8dbb027a90826df203d18b6ff645a"
"yaml","azure-pipelines-template","tea","tea/workflows/testarch/bmad-testarch-ci/azure-pipelines-template.yaml","e53405833b819cd70b7226ea624236ff2490659985b0512244303dc9676acb34"
"yaml","bmad-skill-manifest","tea","tea/workflows/testarch/bmad-teach-me-testing/bmad-skill-manifest.yaml","ea1b058a23cd4fb442f2e7bc7a3a871b73391c0d18c32ddad020dd56b20425ee"
"yaml","bmad-skill-manifest","tea","tea/workflows/testarch/bmad-testarch-atdd/bmad-skill-manifest.yaml","ea1b058a23cd4fb442f2e7bc7a3a871b73391c0d18c32ddad020dd56b20425ee"
"yaml","bmad-skill-manifest","tea","tea/workflows/testarch/bmad-testarch-automate/bmad-skill-manifest.yaml","ea1b058a23cd4fb442f2e7bc7a3a871b73391c0d18c32ddad020dd56b20425ee"
"yaml","bmad-skill-manifest","tea","tea/workflows/testarch/bmad-testarch-ci/bmad-skill-manifest.yaml","ea1b058a23cd4fb442f2e7bc7a3a871b73391c0d18c32ddad020dd56b20425ee"
"yaml","bmad-skill-manifest","tea","tea/workflows/testarch/bmad-testarch-framework/bmad-skill-manifest.yaml","ea1b058a23cd4fb442f2e7bc7a3a871b73391c0d18c32ddad020dd56b20425ee"
"yaml","bmad-skill-manifest","tea","tea/workflows/testarch/bmad-testarch-nfr/bmad-skill-manifest.yaml","ea1b058a23cd4fb442f2e7bc7a3a871b73391c0d18c32ddad020dd56b20425ee"
"yaml","bmad-skill-manifest","tea","tea/workflows/testarch/bmad-testarch-test-design/bmad-skill-manifest.yaml","ea1b058a23cd4fb442f2e7bc7a3a871b73391c0d18c32ddad020dd56b20425ee"
"yaml","bmad-skill-manifest","tea","tea/workflows/testarch/bmad-testarch-test-review/bmad-skill-manifest.yaml","ea1b058a23cd4fb442f2e7bc7a3a871b73391c0d18c32ddad020dd56b20425ee"
"yaml","bmad-skill-manifest","tea","tea/workflows/testarch/bmad-testarch-trace/bmad-skill-manifest.yaml","ea1b058a23cd4fb442f2e7bc7a3a871b73391c0d18c32ddad020dd56b20425ee"
"yaml","config","tea","tea/config.yaml","aba663488b97c8612476185799728eba1192d6f6185802079ad6299d0caea8b1"
"yaml","curriculum","tea","tea/workflows/testarch/bmad-teach-me-testing/data/curriculum.yaml","210a80d8ec3951fce6337e2a2eb7fe4b8cbcae2ffe28185f768274b05d572263"
"yaml","github-actions-template","tea","tea/workflows/testarch/bmad-testarch-ci/github-actions-template.yaml","dbf33e640d9017650b5eed7af28f8914172a0dcfd04552a0342ef61b459b28c2"
"yaml","gitlab-ci-template","tea","tea/workflows/testarch/bmad-testarch-ci/gitlab-ci-template.yaml","af7d7e50802c1f4cbdfdfc20b0cd8a86ba5cec5b9eaedaec29e4c8aec6049ae6"
"yaml","harness-pipeline-template","tea","tea/workflows/testarch/bmad-testarch-ci/harness-pipeline-template.yaml","ed2dee2d279ecfe0bad0365950fe4f68cfa2d5a54d0d3bc50c7b85a26531c9db"
"yaml","progress-template","tea","tea/workflows/testarch/bmad-teach-me-testing/templates/progress-template.yaml","595fe007e9cecd907f0f695f581ff7c86dde770336be8134782a954d4fb6f48f"
"yaml","quiz-questions","tea","tea/workflows/testarch/bmad-teach-me-testing/data/quiz-questions.yaml","42c5e6c8703e22992cfcbbeb23d871054b15257153010efe53bf44dbc1f27b4f"
"yaml","role-paths","tea","tea/workflows/testarch/bmad-teach-me-testing/data/role-paths.yaml","c5ad85c1de113a6c403ad0f9a3588477caec72a4e4d858f41e96ebd0e4765a7a"
"yaml","session-content-map","tea","tea/workflows/testarch/bmad-teach-me-testing/data/session-content-map.yaml","0543af0912d23def025a15d43fa99d3e71f1913ef3c86b8121de6a340cc3019e"
"yaml","tea-resources-index","tea","tea/workflows/testarch/bmad-teach-me-testing/data/tea-resources-index.yaml","ad8aa2c80e20eefd0df4a6c0c6340cd796f0d231e20b8dea7ab3f0c9b15ea935"
"yaml","workflow","tea","tea/workflows/testarch/bmad-testarch-atdd/workflow.yaml","8bab9e5dd6432b1f363477e572ea3a72712cfa8ce7246f2d04a4b17ce1cbbe96"
"yaml","workflow","tea","tea/workflows/testarch/bmad-testarch-automate/workflow.yaml","812166a75f88418ecfba92f43e293ce33476275218a6b874f9d3ab3b3eb34a02"
"yaml","workflow","tea","tea/workflows/testarch/bmad-testarch-ci/workflow.yaml","367f88a326f217428654a1a2b4a7e5c497c498e7031f9e2809ca2766a0a02843"
"yaml","workflow","tea","tea/workflows/testarch/bmad-testarch-framework/workflow.yaml","13f99eb56accb5e8da5f28aabe4041b2a736472f92edd241f3f7ce3294b1f29f"
"yaml","workflow","tea","tea/workflows/testarch/bmad-testarch-nfr/workflow.yaml","5dd6e3b9d7c5e1a8735a4df32033d8cd053f2d6bd21ffa827314e73518ab2f56"
"yaml","workflow","tea","tea/workflows/testarch/bmad-testarch-test-design/workflow.yaml","8ad0fb89bbe1f00af80eeeb2ac1bc2e90c6854bc2516f23dcff8e29cb1f81579"
"yaml","workflow","tea","tea/workflows/testarch/bmad-testarch-test-review/workflow.yaml","ba98595534cdbd0a477f358de0f1dc413cbe381830e7dff4d67ace34265a3164"
"yaml","workflow","tea","tea/workflows/testarch/bmad-testarch-trace/workflow.yaml","89c7f027987023e6c341e93fafa58f0fd34849b9cbf86cf06e56f0d3955d1c31"
"css","dev-mode","wds","wds/workflows/5-agentic-development/templates/components/dev-mode.css","d1e7543bd8c6dbf615dffe12e743f3f796ead0b4ed3d41a94130a6468f4593c7"
"csv","module-help","wds","wds/module-help.csv","b1e731c11c782046aaa53234cc8ac36f372ba3a356b8c5d6bdd5f2ee718668c5"
"html","catalog.template","wds","wds/workflows/7-design-system/templates/catalog.template.html","8e01e16c4c02be6f3ef96bcf792ff6bdc284a57b75c8b18484263674390f1ba8"
"html","dev-mode","wds","wds/workflows/5-agentic-development/templates/components/dev-mode.html","f0be1df0f4690e363f4c03c99c674a6806fe272edad4bc4344ac7a2a5a2246ff"
"html","page-template","wds","wds/workflows/5-agentic-development/templates/page-template.html","72a3ac6ac1087c0cfad93354599210fb11214555662fd4beba7034e3f9d2f516"
"js","dev-mode","wds","wds/workflows/5-agentic-development/templates/components/dev-mode.js","10495ee3178200ed09360a6789c3143babe69a1dcb4503d81e2e6ce86ffcc0d2"
"json","demo-data-template","wds","wds/workflows/5-agentic-development/templates/demo-data-template.json","e3a6da9ddc16bcb4268eaefef2a46f0a4ce6c54d02579776309fe77e397340a0"
"md","00-context","wds","wds/workflows/1-project-brief/templates/project-brief-dialog/00-context.md","a50319312bc9ceba7a746a872b44fd51c3646d2b7090aa94827e033f642deb1d"
"md","00-design-log.template","wds","wds/workflows/0-project-setup/templates/folder-guides/00-design-log.template.md","a306ebb3ae3bdf81afa7d3ef6635eb22fc1d824de1612499a436f097ff94e948"
"md","00-design-system.template","wds","wds/workflows/0-project-setup/templates/folder-guides/00-design-system.template.md","5d5428612cf6f688daac1af0fede0c1606f56e17d8dd0060c1cd0dffb6c2f576"
"md","00-MODULAR-ARCHITECTURE-GUIDE","wds","wds/workflows/4-ux-design/data/modular-architecture/00-MODULAR-ARCHITECTURE-GUIDE.md","c226e15ff815cdac8139b2d9b194a3640009dfac71f6553381b5d56c420df9f7"
"md","00-product-brief.template","wds","wds/workflows/0-project-setup/templates/folder-guides/00-product-brief.template.md","900623934c4ddd579b1e2592c77ddb75b2d0af5d2951235a1a15279730f40a4d"
"md","00-project-info.template","wds","wds/workflows/1-project-brief/templates/00-project-info.template.md","3673943015834fc87c422093c9c587d4800a01cf5da2fe5928924e063fa22d97"
"md","00-purpose-examples","wds","wds/workflows/6-asset-generation/data/00-purpose-examples.md","76fea5d79cb90c39b4ece00619a847927a3feaa8e167496551c5a2623c45d152"
"md","00-trigger-map.template","wds","wds/workflows/0-project-setup/templates/folder-guides/00-trigger-map.template.md","4ebf1ebaebeeae48e7f89492cd2ddcb1040673a91c8624d53c2a634956665e3e"
"md","00-ux-scenarios.template","wds","wds/workflows/0-project-setup/templates/folder-guides/00-ux-scenarios.template.md","14dada320e948d9adccc6bf5b24231978ff16daf3253fca96e4097e4c77b7085"
"md","01-platform-confirmation","wds","wds/workflows/4-ux-design/data/scenario-init/01-platform-confirmation.md","4b9084577efa4e1d1311def79bac6517e402b4b36d5e4f2f709d78ef820733ad"
"md","01-start-understand-routing","wds","wds/workflows/0-alignment-signoff/data/01-start-understand-routing.md","881011ad64818c4b419a250f548d6aa309dda85815a5d5cd47c5d88cf7be491e"
"md","01-what-are-storyboards","wds","wds/workflows/4-ux-design/data/modular-architecture/02-workflows/01-what-are-storyboards.md","5cc9d1c2367683f3a03a25318cacb899be6200e7e3d14ec912d17f1c104d6d1b"
"md","01-when-to-use","wds","wds/workflows/4-ux-design/data/modular-architecture/02-workflows/01-when-to-use.md","4a8c0649b381c91c67c1a82ea070ea050ecad9c546d0c664e8061d6a0dcef752"
"md","02-explore-sections-routing","wds","wds/workflows/0-alignment-signoff/data/02-explore-sections-routing.md","f7cea43985fa291a5d7f14efa61e74c22ebab44e72bf6dab98a6726f4c3e6b7a"
"md","02-feature-selection","wds","wds/workflows/4-ux-design/data/scenario-init/02-feature-selection.md","28d74b4c0dbf8efeb5ba7317e6f8a8ff6683163dab1e14586c2af80e3deff2a3"
"md","02-file-structure","wds","wds/workflows/4-ux-design/data/modular-architecture/02-workflows/02-file-structure.md","8d3a77ca28022d09148511c857e37de396690ce49edcda525ac670ca92fad216"
"md","02-vision","wds","wds/workflows/1-project-brief/templates/project-brief-dialog/02-vision.md","761e012a07570c82ad2847ae010c06cba64f7ffdeac45459de9312561a3cf480"
"md","03-action-filter-example","wds","wds/workflows/6-asset-generation/data/03-action-filter-example.md","f4fd32441f517d927f831b123c66320013960ae083bd8b7bee26775132efd8f8"
"md","03-entry-point","wds","wds/workflows/4-ux-design/data/scenario-init/03-entry-point.md","d0bada9ae6e1e6499d004edecf5c5461343a1f36dbce1dfa6ce3eebee0b554db"
"md","03-synthesize-present-routing","wds","wds/workflows/0-alignment-signoff/data/03-synthesize-present-routing.md","d1e6c5a984e6e6ebaa4cf42958d92a6e4d03af5c1060d0633a41c6b944b2d2d1"
"md","03-users","wds","wds/workflows/1-project-brief/templates/project-brief-dialog/03-users.md","b10577bfd1f97277e00d12d77c6240243c7128a76e5a6f34a9a30914fdbd3188"
"md","04-badass-users-principles","wds","wds/workflows/6-asset-generation/data/04-badass-users-principles.md","fe66948a4b8fdc7224d964cd09c3cb3134098f09f3dbbfe828fad8e2a1a48a85"
"md","04-concept","wds","wds/workflows/1-project-brief/templates/project-brief-dialog/04-concept.md","1a4788a465651750a1e79ebd0bea979d2175c9fb5a8629d87e72ec96479c0819"
"md","04-example-empowerment-frame","wds","wds/workflows/6-asset-generation/data/04-example-empowerment-frame.md","bca8fe73e7fa066e37738584959ef04cf2bc95930008848230c8312ca33ae6e4"
"md","04-generate-signoff-routing","wds","wds/workflows/0-alignment-signoff/data/04-generate-signoff-routing.md","2cb97fd0266bd417ed7d6982c0762f0710f2b4752c8185470bb7d55e4a0d8194"
"md","04-mental-state","wds","wds/workflows/4-ux-design/data/scenario-init/04-mental-state.md","15fb272a2477492a50491227aefd686db6771ed1928efb8e6f4c525a6954bbc3"
"md","05-build-contract-routing","wds","wds/workflows/0-alignment-signoff/data/05-build-contract-routing.md","e1d997ceb98a46f4069c6d689a8b7ec003406fffd2e94014dd7ce3da44bf6df4"
"md","05-example-golden-circle","wds","wds/workflows/6-asset-generation/data/05-example-golden-circle.md","f8fa7950e3b33b7b42b816bbeb6604aff73bcec26adbe0aeb8e0108299e4c370"
"md","05-golden-circle-guide","wds","wds/workflows/6-asset-generation/data/05-golden-circle-guide.md","d640547dfea2a38ab545ecc8bddba0e0e75f96999b3061f7a40e34f72b1d803e"
"md","05-mutual-success","wds","wds/workflows/4-ux-design/data/scenario-init/05-mutual-success.md","b0af03afdee893e2b393d5ae2ada6a38a76cdd44915dad3e9c9edd2523110a70"
"md","06-build-signoff-internal-routing","wds","wds/workflows/0-alignment-signoff/data/06-build-signoff-internal-routing.md","6de6c577085dda6436557ff61806e44f9243afa6d1d67f62779ba7a21756c43e"
"md","06-example-hairdresser-newsletter","wds","wds/workflows/6-asset-generation/data/06-example-hairdresser-newsletter.md","192bb07f3927c089556efcc22689f9899f3d58191061e044352db49b286e9e33"
"md","06-generation-instructions","wds","wds/workflows/6-asset-generation/data/06-generation-instructions.md","92be1920f0c5cdc863175886ed553cdcc87658a34030018cb90e28c7d847ae7e"
"md","06-inspiration","wds","wds/workflows/1-project-brief/templates/project-brief-dialog/06-inspiration.md","08394e410822c803c3e8be1b8b3e64a5e21e5283d61cd850dec49d8ad4ac285b"
"md","06-shortest-path","wds","wds/workflows/4-ux-design/data/scenario-init/06-shortest-path.md","2b80bf99595be6d887e347dae8c2a102fac816f31312847f672bf8fbf1489e0a"
"md","07-positioning","wds","wds/workflows/1-project-brief/templates/project-brief-dialog/07-positioning.md","797a7408157caa11de8214ca29e7d11687922e8a029187949ff1b83d15fb455d"
"md","07-reference-trigger-map","wds","wds/workflows/4-ux-design/data/scenario-init/07-reference-trigger-map.md","78a8d3676d4cc05ca92cc8f42e8fa44f147074bfc8ff13a7d820fa515565d51c"
"md","1-prototype-setup","wds","wds/workflows/5-agentic-development/steps-p/1-prototype-setup.md","ef55b66b26926ce294c97f9b6e566a6a0e2c556cb8b138d01ee06fa00280bf42"
"md","2-scenario-analysis","wds","wds/workflows/5-agentic-development/steps-p/2-scenario-analysis.md","9a9180f67ab2308118426fe19e1712a8970c8facae6b911fdcb8cb1d5a28fe03"
"md","3-logical-view-breakdown","wds","wds/workflows/5-agentic-development/steps-p/3-logical-view-breakdown.md","c1ffd23d5eccea90c1731779fce24c60c13f34d702fbae3c3534a9f2aa193d84"
"md","3d-render","wds","wds/workflows/6-asset-generation/data/styles/content-styles/3d-render.md","7ff49d3e2d996a27f791a9650860a8af8bf2f92ff736a609b3d331ca98f2eb1c"
"md","4a-announce-and-gather","wds","wds/workflows/5-agentic-development/steps-p/4a-announce-and-gather.md","e45889d356f2786373e345071fd009e47aa3de5d9d0e12e99f0f4b5b7fa35bfe"
"md","4b-create-story-file","wds","wds/workflows/5-agentic-development/steps-p/4b-create-story-file.md","f0876db52b5b7f6b4e08c90a30565a62f3be17340ab6286abc760a1a1fc24bbb"
"md","4c-implement-section","wds","wds/workflows/5-agentic-development/steps-p/4c-implement-section.md","04a3182d7b2568e56fdb2cd08a5db3ed3b15ab12f20b2a5dd24b7623a224387f"
"md","4d-present-for-testing","wds","wds/workflows/5-agentic-development/steps-p/4d-present-for-testing.md","22fc7118242d4b1879e3ed13a1cbe375bbe777673424200a3f985c43f0d599cf"
"md","4e-handle-issue","wds","wds/workflows/5-agentic-development/steps-p/4e-handle-issue.md","7d656993cee28cbf5f896f2de86f66ecda4b46e1a8866aaa1c5dd125b1ec98a9"
"md","4f-handle-improvement","wds","wds/workflows/5-agentic-development/steps-p/4f-handle-improvement.md","53454d28ce5cbd58f470e42a59fc0881d0481e7e8d1361cf7b736d2b5a2bd673"
"md","4g-section-approved","wds","wds/workflows/5-agentic-development/steps-p/4g-section-approved.md","7fe8c69cbe3bde0c089a0c062d9c869fe6ac9c2648dcd231b9d38ea774e03272"
"md","5-finalization","wds","wds/workflows/5-agentic-development/steps-p/5-finalization.md","95dbe8ea9488acfb9d5f40e2edc9ec12ec7e2f79a41c0c4b0b02f7075346922a"
"md","accessibility-audit.workflow","wds","wds/workflows/4-ux-design/templates/instructions/accessibility-audit.workflow.md","fc8dd6ea6cc0e20d2be2ea6c83fda9b64069b03ba781f85354920a70d35b8080"
"md","accessibility.instructions","wds","wds/workflows/4-ux-design/templates/instructions/accessibility.instructions.md","28832ae39076d4f211c1b237f61e09b9afded76292802494df9f557bfaaabf2a"
"md","agent-designer-collaboration","wds","wds/workflows/4-ux-design/data/modular-architecture/00-foundation/agent-designer-collaboration.md","3f777ebb2adf1b3f517d574580f5ae76ddb150a5afb46f593f808dbdf7183f79"
"md","agentic-development","wds","wds/data/agent-guides/freya/agentic-development.md","5bad964a88a8cad7eed98667c0ae4d26f3063d924a4492eabc71b4a192582cd5"
"md","AGENTIC-DEVELOPMENT-GUIDE","wds","wds/workflows/5-agentic-development/data/guides/AGENTIC-DEVELOPMENT-GUIDE.md","49575c2129490530d37f013698b35b606072776401e156d0f7f0f8a01563471f"
"md","audit-report.template","wds","wds/workflows/4-ux-design/templates/audit-report.template.md","e0487702443a66f2bc74888b220d2d36ea5e07424caac8c6cc525792d7ff1c29"
"md","benefits","wds","wds/workflows/4-ux-design/data/modular-architecture/03-quick-refs/benefits.md","9f5dc0015a7b7d5644220ef4ee69a18febbcaf05b46fb7968ca666722a436531"
"md","booking-example","wds","wds/workflows/4-ux-design/data/scenario-init/examples/booking-example.md","0483bc21b9aed418212f8ae0682c87af75945ad481bd09a8471e9a76198a41a6"
"md","brutalist","wds","wds/workflows/6-asset-generation/data/styles/design-styles/brutalist.md","650133fd78e87a8c92a03b9845c23cbcbb0095d0915cb2db512861539cdf4f8c"
"md","business-goals-template","wds","wds/workflows/2-trigger-mapping/data/business-goals-template.md","6e5bd3cf84695447a636dd8393ec7f766485c5cb0497055d3158ae2e2c47d4df"
"md","button","wds","wds/workflows/4-ux-design/data/object-types/templates/button.md","4e9015f48fede5e649732094e0d697b9fe9d8dd11398db3a706639a100193140"
"md","comic-book","wds","wds/workflows/6-asset-generation/data/styles/content-styles/comic-book.md","cdf715be6461f74973cc115e600944c52baa264ba1a1073f5ec38765b08d5476"
"md","complexity-detection","wds","wds/workflows/4-ux-design/data/modular-architecture/01-core-concepts/complexity-detection.md","a5b455efcfff5c484cdeaa329d8d773064bfe071d56a1c98aeeea1357bb0b158"
"md","COMPLEXITY-ROUTER","wds","wds/workflows/4-ux-design/data/object-types/COMPLEXITY-ROUTER.md","6b25d91c72ddac7362ba882d1bb36b99b5292d45c5746cb8339d4dfa136bdb77"
"md","complexity-router-workflow","wds","wds/workflows/4-ux-design/data/modular-architecture/02-workflows/complexity-router-workflow.md","21c6713f961e9202c4368423898151414aa33290b8a37c7be29ab5a441fc4165"
"md","component-boundaries","wds","wds/data/design-system/component-boundaries.md","f73be3978de2c0a8bb5d6bcd7c17c0a23d5b9fb986d6721fe3d34ce8d7ca5bfc"
"md","COMPONENT-FILE-STRUCTURE","wds","wds/workflows/4-ux-design/data/modular-architecture/COMPONENT-FILE-STRUCTURE.md","106c4286dfacb58b403a304c199d583dc7e558c8899e380ab40cf69bf5bcc9c9"
"md","component-library-config.template","wds","wds/workflows/7-design-system/templates/component-library-config.template.md","ee8dff9871364c85b2096a0fb2dc27a73fa068e460667230be5eededac7498af"
"md","component.template","wds","wds/workflows/7-design-system/templates/component.template.md","a3e18a2b6ac9eb2a7214d1c1ac60fb314728f1daaf92410cebdb9646e9522781"
"md","content-creation","wds","wds/data/agent-guides/freya/content-creation.md","d59387a4aa8b0e96ba2b53bad506ed66c4bfa07adc0136d574215581f272888d"
"md","content-creation-workshop-guide","wds","wds/workflows/6-asset-generation/data/content-creation-workshop-guide.md","57bad4b9dd639e7b01210f1aab7cc38302598ab6eb7b5cab87b89405bb16eeee"
"md","content-language.template","wds","wds/workflows/1-project-brief/templates/content-language.template.md","23d0a01ade9e9ca4602b7052c8ffcc607f3644adfa226685d12f667162055b81"
"md","content-output.template","wds","wds/workflows/6-asset-generation/templates/content-output.template.md","cca09ac0f23b690c4c7d4bbb7a4ad755cd0c6f1fabfa9cd492ec80696cb57c04"
"md","CONTENT-PLACEMENT-GUIDE","wds","wds/workflows/4-ux-design/data/modular-architecture/CONTENT-PLACEMENT-GUIDE.md","337f29f2c2c970941099d7e45bf2aad5ea4810ef1017ec3169eb3af9f9aed271"
"md","content-placement-rules","wds","wds/workflows/4-ux-design/data/modular-architecture/01-core-concepts/content-placement-rules.md","0f141df8e13393e8d7264159a314023d5e144187bb3c2c21e09266095ec00f21"
"md","content-structure-principles","wds","wds/data/agent-guides/saga/content-structure-principles.md","c9fc8d80e3eba90cf162f45d30135559671e0827f421e0b4a6f4b5b3971a4c82"
"md","context-templates","wds","wds/workflows/8-product-evolution/data/context-templates.md","875567e7a9056a5475fe4835d7e85825b2bba4b6b44b1a6341e165eb6f23e6c6"
"md","contract.template","wds","wds/workflows/1-project-brief/templates/contract.template.md","1a3141a099aa4ffd075e2ff48dc9f3e5fa60b17206249e8ddac85281591721e1"
"md","conversational-followups","wds","wds/data/agent-guides/saga/conversational-followups.md","cad61bfcf570bfd3e4bc060f5ba0978079ff68ae431818ce28cb07ef8c8f7eb3"
"md","corporate","wds","wds/workflows/6-asset-generation/data/styles/design-styles/corporate.md","fba548addcc0bf1d14707898058053d1c378e0f7192ef491c371f7f840a762b7"
"md","CREATION-GUIDE","wds","wds/workflows/5-agentic-development/data/guides/CREATION-GUIDE.md","867fb4e3d60e2cb75c30db813696fc879b8e14a00180a1a5d6486b506949ad3d"
"md","CROSS-PAGE-CONSISTENCY","wds","wds/workflows/4-ux-design/data/modular-architecture/CROSS-PAGE-CONSISTENCY.md","f34325f8d5c2637ef11a90a96a08a7d3b94b79dcf088e0ade79791b3d6d433c6"
"md","data-api.instructions","wds","wds/workflows/4-ux-design/templates/instructions/data-api.instructions.md","20e198e50f103b67fb4604d30adffbd7c77b0ccd198177e28548c03249765fb8"
"md","decision-tree","wds","wds/workflows/4-ux-design/data/modular-architecture/03-quick-refs/decision-tree.md","d9f4eba66b6b1907ee213c6a00bed58290cb61e8013d87c2eac6c82807573a81"
"md","decisions","wds","wds/workflows/1-project-brief/templates/project-brief-dialog/decisions.md","49e6a3d36e71fdba9d0818baa11b57515c1e09940d680c1e80ffa18ef6bc540a"
"md","delivery-templates","wds","wds/workflows/4-ux-design/data/delivery-templates.md","08cb8aaa65804f2620097e8143749629824feb1c839a259513f364d3716f5895"
"md","delivery-templates","wds","wds/workflows/8-product-evolution/data/delivery-templates.md","2e313f9ecdfc58f7e9872fbfb3b80fbb9b674b8da18babd001e1bcaa7e0dcc35"
"md","design-deliveries-guide","wds","wds/workflows/4-ux-design/data/design-deliveries-guide.md","154b9f9c6c3b0818224e04ebdc9016877dcf45ec8097d18c88e89ca4e97af429"
"md","DESIGN-LOOP-GUIDE","wds","wds/workflows/4-ux-design/data/guides/DESIGN-LOOP-GUIDE.md","66512a4dac0ae3757914e831054d81861e5cdadb9190df465db6f931100a0e5a"
"md","design-system","wds","wds/data/agent-guides/freya/design-system.md","28914ac75af90d1d17d34620dec811b15cbb3b1bfdf73a376acdb921197c53fc"
"md","design-system-guide","wds","wds/workflows/7-design-system/data/design-system-guide.md","114cf9ee1623d0720d4a9bb19909728249f0f3eb85da4d389771b726be4b6447"
"md","design-templates","wds","wds/workflows/8-product-evolution/data/design-templates.md","b7d6eae2122c64bf833574a304c54756415aa242fe270fcabf46c18713968d9f"
"md","design-tokens.template","wds","wds/workflows/7-design-system/templates/design-tokens.template.md","8eefe815b7e3e18772421c7bb7176688824d4fbeb12d9f01eba10eef241f619e"
"md","DEV-MODE-GUIDE","wds","wds/workflows/5-agentic-development/templates/components/DEV-MODE-GUIDE.md","08c3aecc02a40b6b8ca77f08fcfbdeb1244525e12a2ac1f415d0c6ef9e5dc9d4"
"md","diagnostic-report-template","wds","wds/workflows/4-ux-design/templates/diagnostic-report-template.md","aee1a20cb0c028852f8fd5472a350ac51f4e68fd8a1e501115cc034b68d4c944"
"md","discovery-conversation","wds","wds/data/agent-guides/saga/discovery-conversation.md","1d2387e94ad7b5f04116fc2a41fd71bb39d17e3b1b19942ed5adb2d5e0c9ff8e"
"md","dream-up-approach","wds","wds/data/agent-guides/saga/dream-up-approach.md","101c1b934cadb82bc915a47f1be9e544a2c6cd7598eba20f48fff65dc97ef0ee"
"md","ecommerce-example","wds","wds/workflows/4-ux-design/data/scenario-init/examples/ecommerce-example.md","9dad842cdb0f29c436f2ecfe1ab252057f933010dcc9e3e03f4d051c8e341d82"
"md","editorial","wds","wds/workflows/6-asset-generation/data/styles/design-styles/editorial.md","74f09709204df38f462aa02e4eb69a5325c99d7b84db632f7b0aa40164f2cba9"
"md","EXECUTION-PRINCIPLES","wds","wds/workflows/5-agentic-development/data/guides/EXECUTION-PRINCIPLES.md","32c10b8e33d927cae7e0deb6cc11eaa505f046af3f69b01e9e5a4ea1b4af1457"
"md","existing-product-guide","wds","wds/workflows/8-product-evolution/data/existing-product-guide.md","896a69bc5b957f2ec807024d01a6281bae2b85c73cb49bc82d7c0ccbdddf581c"
"md","feature-impact.template","wds","wds/workflows/2-trigger-mapping/templates/feature-impact.template.md","7846611f85ca8ba5677a3845629ed535da8c50d41551c4f6061c153d9264f885"
"md","FEEDBACK-PROTOCOL","wds","wds/workflows/5-agentic-development/data/guides/FEEDBACK-PROTOCOL.md","5c35333c45b2b3baf7ad6fbb4bdc7acfc32825e2fb399041e0ff4334bf8cf6a3"
"md","figma-component-structure","wds","wds/data/design-system/figma-component-structure.md","35e6e2b70a0e5d058428cf1b4958df6443889cf6d729be4b1e37f6d9dfce979e"
"md","figma-designer-guide","wds","wds/workflows/6-asset-generation/data/figma-designer-guide.md","e5ce0f5e55b50d1b166f98372b888671e0e3bb466954e4c30751a8e19f5a9758"
"md","figma-integration-guide","wds","wds/workflows/6-asset-generation/data/figma-integration-guide.md","e1547e3c7c894b7547d8faad96f442b4d8c6f4335cd6a7a6410d92bc4862ce15"
"md","figma-integration-summary","wds","wds/workflows/6-asset-generation/data/figma-integration-summary.md","9371c31adb0d667c6cb072a161f71a2f6297c778aab77256760a0233aa9f203e"
"md","figma-mcp-integration","wds","wds/workflows/6-asset-generation/data/figma-mcp-integration.md","6088bee3babec768c6c531ead5bcc3264bbf17a96db466abf1929650965e8108"
"md","figma-plugin-setup","wds","wds/workflows/6-asset-generation/data/figma-plugin-setup.md","cd9f8cc89c393e5a5ca052bf10e4d229072f8467da1f7fe3b1b8b0fd055e8212"
"md","figma-spec-preparation","wds","wds/workflows/6-asset-generation/data/figma-spec-preparation.md","320aea9fb70daed94ba28b0259da0f0705b09ba327f66d21ef64eb5640baec5b"
"md","FILE-INDEX","wds","wds/workflows/5-agentic-development/data/guides/FILE-INDEX.md","4668e4a5986645798919343d34e9eec806473ce254af7347882c9f497cdd62c1"
"md","flat-design","wds","wds/workflows/6-asset-generation/data/styles/content-styles/flat-design.md","5bcd4d547fc1058ca02a59f42bb692a26c69dd444d1039952158142b1387f0e8"
"md","flow-a-sketch","wds","wds/workflows/4-ux-design/data/page-creation-flows/flow-a-sketch.md","0f16e89c807969478cf00fc2e22cb5b5aaf6e16c9aab99c376d5b3c5c5d84805"
"md","flow-b-verbal","wds","wds/workflows/4-ux-design/data/page-creation-flows/flow-b-verbal.md","c89c8b7b08d74ef78ea76f79c56d90f4116e22c1cc6337ea6c78663deafa4a52"
"md","flow-c-ascii","wds","wds/workflows/4-ux-design/data/page-creation-flows/flow-c-ascii.md","a2a0e544d0fdf655b710baf55bdd82abb222248d3726ee620b277c18b6f7fdca"
"md","flow-d-reference","wds","wds/workflows/4-ux-design/data/page-creation-flows/flow-d-reference.md","5cefdfcd88c0cc2d7106a4590c6a06286145a2431ea5a547132752d4025b5792"
"md","flow-e-html","wds","wds/workflows/4-ux-design/data/page-creation-flows/flow-e-html.md","6d33447ad6e6731d0ad7b8a9ecbf1329e4594db39b6b0c64c4254fc02a3578c3"
"md","form-validation.instructions","wds","wds/workflows/4-ux-design/templates/instructions/form-validation.instructions.md","fd1becae2c7f894a90e3f68bf0279123a829f05c2d965308ca71cc6af65c5971"
"md","freya-how-i-help","wds","wds/data/presentations/freya-how-i-help.md","d99869ea2907660e6baa6966b05c62dfabb8b78dee63f1463da0f2553b36453e"
"md","freya-intro","wds","wds/data/presentations/freya-intro.md","ce1fb7a6b2028eac74ef96ea578a113512fe493dc68e46010709efe92249b1e5"
"md","freya-presentation","wds","wds/data/presentations/freya-presentation.md","8ab58adb8f6850af201150f54cb58a1d015a6f3a0789faa84cd8b84cc44bcf92"
"md","freya-workflows-guide","wds","wds/data/presentations/freya-workflows-guide.md","6422c68740d3862b850d636506accb228aefa5713db2503b2781bad31669e533"
"md","freya.activation","wds","wds/skills/freya.activation.md","0cce0a39ba831c07bc96399e9a827adda28396928e4f91be143fd74cd874989b"
"md","handoff-dialog-scripts","wds","wds/workflows/4-ux-design/data/handoff-dialog-scripts.md","e0ebbd47e8d5873e218797764a2828aea50f07464702005101a6e39a42f3a4f6"
"md","heading-text","wds","wds/workflows/4-ux-design/data/object-types/templates/heading-text.md","788f834bfbb1f811c73ef4ce1739f80a1a6da445a28ce84b0e63bd7f8458ddc7"
"md","HTML-VS-VISUAL-STYLES","wds","wds/workflows/4-ux-design/data/guides/HTML-VS-VISUAL-STYLES.md","3816ff81a52096727bf1c13cd328b59f042f27936ebcf0a6eaf912ecf48cf045"
"md","hyper-realistic","wds","wds/workflows/6-asset-generation/data/styles/content-styles/hyper-realistic.md","59cb712d7e0cf991680ebda9faadcf987eee23774c5bf2243589d474e8435ed4"
"md","illustration","wds","wds/workflows/6-asset-generation/data/styles/content-styles/illustration.md","98aca4effcb8f54ba40837fc80f42c1f24a9fda4227501d08a341008349fbb58"
"md","image","wds","wds/workflows/4-ux-design/data/object-types/templates/image.md","ea70963752e92e724302911d12b2de85e8a0683790f4fa81942ab576e1fd5e5f"
"md","INLINE-TESTING-GUIDE","wds","wds/workflows/5-agentic-development/data/guides/INLINE-TESTING-GUIDE.md","4f5c174206ce81d2a5baba7d91dd64f076295aaa90d338e129b3a1da7da24fba"
"md","inspiration-analysis","wds","wds/data/agent-guides/saga/inspiration-analysis.md","ea03ca51a97a5f8e943ba47a8e5167a3b13a8a97553814fd1433885cfd29c9d3"
"md","inspiration-analysis.template","wds","wds/workflows/1-project-brief/templates/inspiration-analysis.template.md","f62be974c09cdabdd59d507a20e69c91986aca522af2644002c0bbbd1838fcae"
"md","isometric","wds","wds/workflows/6-asset-generation/data/styles/content-styles/isometric.md","ad35a9f3ceab461e3b76eca8fc64d43f9962151fc213f442368cca46501a0012"
"md","issue-templates","wds","wds/workflows/5-agentic-development/data/issue-templates.md","4cbae51dddf190e1a8b64c6760a434e8cf6f0963b15001c8c64b49a23ab2ae2b"
"md","kaizen-iteration-guide","wds","wds/workflows/8-product-evolution/data/kaizen-iteration-guide.md","0cf8a8299fabb3316e243a8ee88e62f30df6b4543cf6f563d8e0acdb65e76b7d"
"md","kaizen-principles","wds","wds/workflows/8-product-evolution/data/kaizen-principles.md","d9a546ababc0f4f54e4e2b47a55ba4e0a1eaba8df757a3c1f4f548a2212c077b"
"md","key-insights-structure","wds","wds/workflows/2-trigger-mapping/data/key-insights-structure.md","232f3e5a7b52b24a87b6e862981a3685712cd308ff951a25df99049ad125aa19"
"md","lightweight-page-template","wds","wds/workflows/4-ux-design/data/page-creation-flows/lightweight-page-template.md","45ea31989a452a1ab34bba94d2cb42413a2442396383708fe820e67dcc4bbefb"
"md","line-art","wds","wds/workflows/6-asset-generation/data/styles/content-styles/line-art.md","25cca2557218d42079d8ebb563899858efbd816404621c9b78795c357b638f4b"
"md","link","wds","wds/workflows/4-ux-design/data/object-types/templates/link.md","480a6ab3b9fa34f0946047ac70a57721fedf4644384d7537d88f71e502dca819"
"md","mcp-server-integration","wds","wds/workflows/6-asset-generation/data/mcp-server-integration.md","6c6cf90d098ad7d0d24127abe6faf510e0115b5369f53b87bb8fcfb59fdadb65"
"md","mermaid-formatting-guide","wds","wds/workflows/2-trigger-mapping/data/mermaid-formatting-guide.md","83cd57528594396ea4fddc1b628e31165e9772e2fa7f7585699c339758fa328e"
"md","meta-content-guide","wds","wds/data/agent-guides/freya/meta-content-guide.md","f1465b19f523a7d82a2c4aef5c6b2deed4b9459582677c2b10a70f53358ea9f4"
"md","meta-content.instructions","wds","wds/workflows/4-ux-design/templates/instructions/meta-content.instructions.md","0f10614e6f66130045881543ee5a770dd9c7c3121b4c21cb88d5c16316eea7d0"
"md","mimir-agents-overview","wds","wds/data/presentations/mimir-agents-overview.md","2fc34438b113e86710d52ce06363e9ab1e74b9267dc2125de439e9712d596a7e"
"md","mimir-tone-setting","wds","wds/data/presentations/mimir-tone-setting.md","d91a4b1254d25cd2fc8585cfcb8025a397e3fa1224373e7728ceb5f697367d55"
"md","minimal","wds","wds/workflows/6-asset-generation/data/styles/design-styles/minimal.md","af0bb5711d221fe85faf0dfe59a1f15db2a1a05513996f85e1b58c49b24f79cf"
"md","monitoring-guide","wds","wds/workflows/8-product-evolution/data/monitoring-guide.md","f83c4c2475e86d01b8a38cce63d8548ab5ffdc734b269da8373ee7190771af89"
"md","monitoring-templates","wds","wds/workflows/8-product-evolution/data/monitoring-templates.md","a7270170ffbdc68c9c4b40704d01e47a37877287b81ec78716e58aa88ecd4444"
"md","naming-conventions","wds","wds/data/design-system/naming-conventions.md","dda71964bcc862788458be035e6cc1d74b47500030507dd7dee67eccd22744bf"
"md","NANO-BANANA-PROMPT-GUIDE","wds","wds/workflows/4-ux-design/data/guides/NANO-BANANA-PROMPT-GUIDE.md","4ca9708677652996e2d20c567bb955d344411ad130e7c381e94166a21dc2a53f"
"md","object-router","wds","wds/workflows/4-ux-design/data/object-types/object-router.md","60742ce6db8f924d01d66b5ffa6934894a560a69b11b3988c6158c4bde6a28dc"
"md","open-questions.instructions","wds","wds/workflows/4-ux-design/templates/instructions/open-questions.instructions.md","41e7ab05bfd97df27bce395e25e30ea379600dd1b32d6df90b79ab190cf98925"
"md","organic","wds","wds/workflows/6-asset-generation/data/styles/design-styles/organic.md","fb29ed154269ed4c25ac53333eb26e59608a1bb2fef7e8405ce493df769b0012"
"md","page-init-lightweight","wds","wds/workflows/4-ux-design/data/page-creation-flows/page-init-lightweight.md","70c8143cb67ac4d5a78cdef667933dccf9ad866dd811da9f7e75483329ca94be"
"md","page-process-templates","wds","wds/workflows/4-ux-design/data/page-creation-flows/page-process-templates.md","e935e2c2ec6baab831c7cfdaa99701baaaf6a993db7e18a93b4df6ca4bf3ff06"
"md","page-specification-workflow","wds","wds/workflows/4-ux-design/data/modular-architecture/02-workflows/page-specification-workflow.md","635667691b6080f488625c755a897caa7e84be42494c31b9f9a38b9e6fb17a7f"
"md","page-specification.template","wds","wds/workflows/4-ux-design/templates/page-specification.template.md","7c485f66bc310397d6e22c42b3f1744f657cf0d58a8b06e1a434a79cdd573f5d"
"md","pencil-sketch","wds","wds/workflows/6-asset-generation/data/styles/content-styles/pencil-sketch.md","744d2be58f337e4344e19a4952cd1488a00f488523c4a5332f7f174b2336bb79"
"md","persona-document.template","wds","wds/workflows/2-trigger-mapping/templates/persona-document.template.md","098224dcf4eeea73c850e95f912ca9455f2c852f79e544b2947c4485807b92c6"
"md","photorealistic","wds","wds/workflows/6-asset-generation/data/styles/content-styles/photorealistic.md","80d47d8b91d5b713af1ca4be84f533c591eb35b1ee59573a2c21d47437877f4a"
"md","pitch.template","wds","wds/workflows/1-project-brief/templates/pitch.template.md","2944e209ec189f6a2aa7b69b8d497864cb161a2526aaa3a3a6baff58e8dd8aa4"
"md","placeholder-templates","wds","wds/workflows/4-ux-design/data/page-creation-flows/placeholder-templates.md","34070e53b185ee3daab9f871860b6a654b34b5e8a3fd5e162da96c36eba43eb8"
"md","platform-requirements.template","wds","wds/workflows/1-project-brief/templates/platform-requirements.template.md","16cee156c72e7b945ebd6b2d4dda05c46dc0557b7108ed25b35e777902603153"
"md","playful","wds","wds/workflows/6-asset-generation/data/styles/design-styles/playful.md","13b1a2714235474734660b27ca63bcbc679eb616b53f492534bfad7bc629cb40"
"md","positioning-explore","wds","wds/workflows/1-project-brief/data/positioning-explore.md","e96c69b7a4ec67c91a8297cc9b18a2fa58b837e0ece493e78fa1c9218f040a55"
"md","positioning-open-conversation","wds","wds/workflows/1-project-brief/data/positioning-open-conversation.md","461b38ded57ed47878f028297bb283309d36578aeba8d44fc06f9a6509983d08"
"md","positioning-reflect-confirm","wds","wds/workflows/1-project-brief/data/positioning-reflect-confirm.md","d7ee0ebcef32ba904cfdf1cc7a97b5003ec6ce44d1ca121bd6673cd9d1d42df1"
"md","positioning-synthesize","wds","wds/workflows/1-project-brief/data/positioning-synthesize.md","f1f4daf3a99649cc744c367171e3c13ae1ab5dd0a267fbf109e62d5ce264abcb"
"md","progress-tracker","wds","wds/workflows/1-project-brief/templates/project-brief-dialog/progress-tracker.md","d9bb6e8c079bb905e72fb77ffb2ad0f8c024a444266b9d080174f9afded06816"
"md","project-brief.template","wds","wds/workflows/1-project-brief/templates/project-brief.template.md","9551ef08d1126f9c1c9c729898299f5ca28f46af125b5920ccfb2e133232bf9c"
"md","PROTOTYPE-ANALYSIS","wds","wds/workflows/5-agentic-development/data/guides/PROTOTYPE-ANALYSIS.md","f328d1dc206a34e6f0c82593ff844f7a0460ecf46a550c2b018f10d7e602481f"
"md","PROTOTYPE-INITIATION-DIALOG","wds","wds/workflows/5-agentic-development/data/guides/PROTOTYPE-INITIATION-DIALOG.md","884afc687e0ed713c88b5baa4ba829eb7f6a3f692c0778e7a5cc03f50f1f5395"
"md","PROTOTYPE-ROADMAP-template","wds","wds/workflows/5-agentic-development/templates/PROTOTYPE-ROADMAP-template.md","14cf256647195d56ef1158e2b7c42bdf5eed6f1f070f39a9b437dfb453f087a0"
"md","prototype-to-figma-workflow","wds","wds/workflows/6-asset-generation/data/prototype-to-figma-workflow.md","9cbaba00133b33d22972f2a2552faa0427d3ae0ca80ff79e871edc2fc34c7630"
"md","quality-checklist","wds","wds/workflows/2-trigger-mapping/data/quality-checklist.md","ee33eb6b994764e2e469ec4a30f92c67ec0184c6e502c57480513dd350084d48"
"md","quality-checklist","wds","wds/workflows/3-scenarios/data/quality-checklist.md","3d44a3b2dd7b99f7876554a05ac89cfb5273d3a073dd54319c64ca7454c5c96c"
"md","quality-guide","wds","wds/workflows/4-ux-design/data/quality-guide.md","bffdc24debd6878009937a8c31667c98d631ca0d31263b37319e3099a178fc77"
"md","responsive.instructions","wds","wds/workflows/4-ux-design/templates/instructions/responsive.instructions.md","eb1a975e9595341d5f66736d830c5c21becd41e11f613cdbdccabd1444f367c4"
"md","ROUTER-FLOW-DIAGRAM","wds","wds/workflows/4-ux-design/data/object-types/ROUTER-FLOW-DIAGRAM.md","80572e614c01bc8d986ad3bba5272415cef6b14b05401624dab0a5a9fd5be4c9"
"md","saas-example","wds","wds/workflows/4-ux-design/data/scenario-init/examples/saas-example.md","07d827fc85a6c86aa1352a7858b6d690d531d7a1296880f3f04009b89c67a279"
"md","saga-how-i-help","wds","wds/data/presentations/saga-how-i-help.md","c683061b95d1345a986a546ac5c967370cd4da4212df40d106efe3d1c6f489ca"
"md","saga-intro","wds","wds/data/presentations/saga-intro.md","d99f19f760fd9e8cfc478f88e189bc2209b5d7dca4cd8a5e480d5505e99cc4c4"
"md","saga-presentation","wds","wds/data/presentations/saga-presentation.md","9887392e59a33c262ac0c54860a5488eba9ddba0dc6fbfbb0c4fb90ad9e696cf"
"md","saga-workflows-guide","wds","wds/data/presentations/saga-workflows-guide.md","312124b9b0cbac3683ed6e7d4557cfff5eabe5b12bc3c946cb581b367b40d0c6"
"md","saga.activation","wds","wds/skills/saga.activation.md","040b2b9a65fcaad266bed1cdc3a86f8b821204bb35cfb150a7b725c04f927fa3"
"md","scenario-init-dialog","wds","wds/workflows/4-ux-design/data/scenario-init/scenario-init-dialog.md","05ac257ebfde9234fd39b9f3bc59bb368815129f82993f14fa77e19642e893ee"
"md","scenario-init-guide","wds","wds/workflows/4-ux-design/data/scenario-init/scenario-init-guide.md","5f725abf3fbeab6e1270ecb2d94f9d8b880b33d896937210d7b6040c688067e9"
"md","scenario-init-process","wds","wds/workflows/4-ux-design/data/scenario-init/scenario-init-process.md","355c38688d97832ad2519e31cd93c6bff29476887ca8b3176d1e32aa1ca20688"
"md","scenario-outline-template","wds","wds/workflows/3-scenarios/data/scenario-outline-template.md","4450a716646a625898b149c3b9828ae51b3e81c8ad80258b99bb251648e36313"
"md","scenario-overview.template","wds","wds/workflows/4-ux-design/templates/scenario-overview.template.md","83c2f962c6d48eaa8989287d269a80a468c063a390c43cbfa4fda822be7a5f57"
"md","seo-content.instructions","wds","wds/workflows/4-ux-design/templates/instructions/seo-content.instructions.md","55c70a2aaf2739e985f19af97a2d236286090f507b71e55833db3fa311998cba"
"md","seo-strategy-guide","wds","wds/data/agent-guides/saga/seo-strategy-guide.md","7e1fe5d43e9554fa089899bf3cd29dfccbef33b34f5f18dd7885c205c620b1d4"
"md","SEO-VALIDATION-GUIDE","wds","wds/workflows/5-agentic-development/data/guides/SEO-VALIDATION-GUIDE.md","31ec913664d27213fd582f6470b170a64c40426bdceb97e6ea0facb5a73a3cbc"
"md","service-agreement.template","wds","wds/workflows/1-project-brief/templates/service-agreement.template.md","f53653ee4cc5483a404bb0e8b1dff599760af9dd70e9eb79d1f15a228daf54da"
"md","SESSION-PROTOCOL","wds","wds/workflows/5-agentic-development/data/guides/SESSION-PROTOCOL.md","28b9736823acfef4d83abc564bf82b880d271a629e9aa9a1799e68a946d39fbc"
"md","signoff.template","wds","wds/workflows/1-project-brief/templates/signoff.template.md","125d106ea4590b6f57b8bc63bec8b5462746ca39f65aef7e2bdbb54d5e476782"
"md","simplified-brief.template","wds","wds/workflows/1-project-brief/templates/simplified-brief.template.md","5ee5784db28943bf0ca5536f04e7e72e35c7d1ce395d5c7375b6d7080c37a38f"
"md","SKETCH-TEXT-ANALYSIS-GUIDE","wds","wds/workflows/4-ux-design/data/guides/SKETCH-TEXT-ANALYSIS-GUIDE.md","4710b9483e6b5e48de07d80362f805976ac99386a8d0b8510355194924657658"
"md","SKETCH-TEXT-QUICK-REFERENCE","wds","wds/workflows/4-ux-design/data/guides/SKETCH-TEXT-QUICK-REFERENCE.md","999006df2b7cd8f8958138cd84878f0f20cb25bccf028438c7d91047f9bf5583"
"md","specification-audit-workflow","wds","wds/workflows/4-ux-design/data/specification-audit-workflow.md","422064b49941093f321c97e598d8bd2e4ddb15b563507b21b82630bb789d1fa8"
"md","specification-quality","wds","wds/data/agent-guides/freya/specification-quality.md","649254c665a74547eef7c2cc6fe45929d67814803541dbbe708eae732fef7e00"
"md","state-management","wds","wds/data/design-system/state-management.md","b0647af582ac68b65064f8069ef1b3cfc04c657212acf6f5eac2cf1742b0429e"
"md","step-00-define-purpose","wds","wds/workflows/6-asset-generation/steps-c/step-00-define-purpose.md","878662db42d1e0e60887d42d243818f9a70c4c80a0a1d963494cc47ddd2cb81a"
"md","step-00-nb-setup","wds","wds/workflows/4-ux-design/steps-w/step-00-nb-setup.md","6acf9f14606e33df05825a8aaa3788d39efcc3b070d12bc53eb607579e1a323b"
"md","step-00-simplified-brief","wds","wds/workflows/1-project-brief/steps-c/step-00-simplified-brief.md","59c9a1d4915146da9eb1015bd240540e64e6d4f0084af6f4c94c2de2428368db"
"md","step-00a-documentation-synthesis","wds","wds/workflows/2-trigger-mapping/steps-c/step-00a-documentation-synthesis.md","0b3c757799b8b7f8a5a8aaad2e01af37ee9175b33ebf585dffd3281501bd30b4"
"md","step-00b-business-goals-extract","wds","wds/workflows/2-trigger-mapping/steps-c/step-00b-business-goals-extract.md","d1f38fc337de4e315c90e034f63e8968eef9f58f3aa66f98962d49f63a5201fa"
"md","step-00c-target-groups-extract","wds","wds/workflows/2-trigger-mapping/steps-c/step-00c-target-groups-extract.md","cd49f020f1ad46bd8303729c0da967efb461bd972f4923a57c3ccb4cae4190f5"
"md","step-00d-driving-forces-extract","wds","wds/workflows/2-trigger-mapping/steps-c/step-00d-driving-forces-extract.md","cb2bc2c4a8bede93e4cdabcaddbbcb878feaab8d1cdc20523621f4c38f3f757f"
"md","step-00e-prioritization-extract","wds","wds/workflows/2-trigger-mapping/steps-c/step-00e-prioritization-extract.md","542252af255cf268e720fbd5c51f4865724027e657ae531e15d046f56b358202"
"md","step-00f-gap-analysis","wds","wds/workflows/2-trigger-mapping/steps-c/step-00f-gap-analysis.md","d2ba1de3a481d07040d4b1c9199ad0c6149dd8f8851ddf7a799b36c8315bd3f8"
"md","step-01-brief-completeness","wds","wds/workflows/1-project-brief/steps-v/step-01-brief-completeness.md","beb834e4b1e399e6846c94c1409cb5254188cfc66322947e009a39f8b158a7cf"
"md","step-01-connection-check","wds","wds/workflows/6-asset-generation/steps-f/step-01-connection-check.md","339662a07661540218be0a02455ef532cf33707252ab29732b8562aade544a6f"
"md","step-01-core-feature","wds","wds/workflows/4-ux-design/steps-s/step-01-core-feature.md","12bbe15ec35c0fa435c0645712f358c2f6f8095316b0f2f5b1e086def2c1caf3"
"md","step-01-create-delivery","wds","wds/workflows/8-product-evolution/steps-p/step-01-create-delivery.md","0fb5df051f75ab79a0aed46572ea6c46bb37a727a103c89e57f370b9151c1ec4"
"md","step-01-define-question","wds","wds/workflows/5-agentic-development/steps-a/step-01-define-question.md","9e61ce03c72657adddf91322ba7c859a7a988e376f0e47a6e059555e29342794"
"md","step-01-design-update","wds","wds/workflows/8-product-evolution/steps-d/step-01-design-update.md","451433fff17ca02511bba9cd3f3ff9304311f987f2f0e1748c75087eefb31157"
"md","step-01-detect-completion","wds","wds/workflows/4-ux-design/steps-h/step-01-detect-completion.md","534b0af29956ef26a14c6000a3604b3ae99174b0e4180f427f94047550b25114"
"md","step-01-exploration","wds","wds/workflows/4-ux-design/steps-c/step-01-exploration.md","1a9a29ea604b17282ad0542e28031ad7ec5dcee89a148cd530bf705cd2c83785"
"md","step-01-identify","wds","wds/workflows/8-product-evolution/steps-a/step-01-identify.md","64b79a0024a15a3d8434d4732b64acde4cfd78fc8d259a2a161d53caf778d930"
"md","step-01-identify-target","wds","wds/workflows/5-agentic-development/steps-r/step-01-identify-target.md","c9c53ed1ca33f522c9c3248e3bb69febb8f36e9b6b35f0fb4d3988133393e873"
"md","step-01-init","wds","wds/workflows/1-project-brief/steps-c/step-01-init.md","07227254778c7b55cc5796f6cc3a2980960373c713af574db9cb360285c62013"
"md","step-01-load-context","wds","wds/workflows/3-scenarios/steps-c/step-01-load-context.md","2604da6dfaecf43d749441ca3249e708ed6d4b34e43f22cb13be54cd17a391d9"
"md","step-01-load-context","wds","wds/workflows/6-asset-generation/steps-i/step-01-load-context.md","a191752975a5e4086b3d3110ecd8f6020cc76d0375e56e7eedc94529577427a0"
"md","step-01-load-context","wds","wds/workflows/6-asset-generation/steps-m/step-01-load-context.md","4e19f6202a271afddec97cd472d1d12da8570f8a20b5241545d00725c7f6eddd"
"md","step-01-load-context","wds","wds/workflows/6-asset-generation/steps-p/step-01-load-context.md","85f83635ff0556d991e87947f936fab5420404d84b73c8f38c1c5e142048bbcb"
"md","step-01-load-context","wds","wds/workflows/6-asset-generation/steps-u/step-01-load-context.md","87964242daf36ffc7332204b0f0912bbc9475eeb71ad5433da7ef39c8a5aa5ef"
"md","step-01-load-context","wds","wds/workflows/6-asset-generation/steps-v/step-01-load-context.md","532d5bed2da3b0215a69e4e5ad4f92bdf8150cc82810e11d4e4f6045971ad248"
"md","step-01-load-context","wds","wds/workflows/6-asset-generation/steps-w/step-01-load-context.md","73421e3a92a0cfb3c390c8e9b15e0a3986248d1ba0cc64b8b4005230bbcdce96"
"md","step-01-load-trigger-map-context","wds","wds/workflows/6-asset-generation/steps-c/step-01-load-trigger-map-context.md","ebbaaa626df870c00fdf2a9a0e91711660520bca460528ed310df1786436dced"
"md","step-01-overview","wds","wds/workflows/2-trigger-mapping/steps-c/step-01-overview.md","aa45902d4975716f5b59bdeb25e96121678cbd0d24267b4313a606cd05d7c085"
"md","step-01-page-basics","wds","wds/workflows/4-ux-design/steps-p/step-01-page-basics.md","cd429500c6f0b868571940555cfd3854b7e4f43c8daabbe42fac4e1dd55cd657"
"md","step-01-page-metadata","wds","wds/workflows/4-ux-design/steps-v/step-01-page-metadata.md","bc3cdef33e7d0b3d604ae467e900483e33b7f52ac1064ab4016222037418b66c"
"md","step-01-prepare","wds","wds/workflows/5-agentic-development/steps-t/step-01-prepare.md","af73f0c4819a64548e496beb14d9c9c8c57200754e4697fa7b6d83b4d613585c"
"md","step-01-reproduce","wds","wds/workflows/5-agentic-development/steps-f/step-01-reproduce.md","ca8245f3dc13e03d0c2dca6b0b35a5ec17a50aea7c90203df091cd245e5d0827"
"md","step-01-review-current","wds","wds/workflows/4-ux-design/steps-m/step-01-review-current.md","7ab220cb8655fbd663dff54a7ed1eceda396101f8e8f255b790ede517363cc55"
"md","step-01-scan-existing","wds","wds/workflows/7-design-system/steps-c/step-01-scan-existing.md","857bbf2fe9b472f8b7cee80ccd170e808dbb77a4d65641e55047e52cccddd6be"
"md","step-01-scenario-coverage","wds","wds/workflows/3-scenarios/steps-v/step-01-scenario-coverage.md","a2b9e923f99bad774f04d8e515f97adf2bb194ff2668ba9454ca8b7361fd6453"
"md","step-01-scope-and-plan","wds","wds/workflows/5-agentic-development/steps-d/step-01-scope-and-plan.md","b6b7de1ae908bde72ad54f6ddcbccdcac335b4c93d693cd2d45ce4d825966c97"
"md","step-01-scope-change","wds","wds/workflows/5-agentic-development/steps-e/step-01-scope-change.md","649d1110f156ead2406560003793dd7c99d9c7e8bd71425067c11b6926e3c0de"
"md","step-01-sketch-analysis","wds","wds/workflows/4-ux-design/steps-k/step-01-sketch-analysis.md","10dc1fbe8c899c66ef01c56c5d1b23f0fe1a3cde4ef5d2b43dfa5393eab1ee2d"
"md","step-01-target-group-coverage","wds","wds/workflows/2-trigger-mapping/steps-v/step-01-target-group-coverage.md","1493599455e40c896fbe31258c33e6b5e3fa32a1667af2cbc74da31e50c77dfb"
"md","step-01-validate","wds","wds/workflows/8-product-evolution/steps-t/step-01-validate.md","f3dbbe149d20cf1fa667435bd391c4687fca2733b7c1ac54d6d3de08e19ff429"
"md","step-01-visual-approach","wds","wds/workflows/4-ux-design/steps-w/step-01-visual-approach.md","23416cad271ca571d03fc8cf7a03eb9cba3eed6c2680d6eacc2193c8f80eaaca"
"md","step-01-welcome","wds","wds/workflows/0-project-setup/steps/step-01-welcome.md","166a26b06c75c6e9cef17ded76723c6ca3085d783c8d32159564bcff64e02972"
"md","step-01a-understand-situation","wds","wds/workflows/0-alignment-signoff/steps-c/step-01a-understand-situation.md","7b73a05e28dfa694183afea8ae43b151866ce7dfbe440a4ffd87e15c327d5534"
"md","step-01b-determine-if-needed","wds","wds/workflows/0-alignment-signoff/steps-c/step-01b-determine-if-needed.md","b8a405b6d8c46fa4643cd88906fdecc4050f0e079a8242c8676a566e63ebcb81"
"md","step-01c-offer-extract","wds","wds/workflows/0-alignment-signoff/steps-c/step-01c-offer-extract.md","0b8a5d7a4cb386b9270777d7a74f2bb10ac078bcc1fc71bbb1eb90bd475e0b78"
"md","step-01d-extract-info","wds","wds/workflows/0-alignment-signoff/steps-c/step-01d-extract-info.md","3c907775aaa91c125f3a7207e93c9994a868c1cb8a2f7de784b1ccb997ae18cb"
"md","step-01e-detect-starting-point","wds","wds/workflows/0-alignment-signoff/steps-c/step-01e-detect-starting-point.md","8f0410de878bf19f8d85a3a5a35930a0b9f06d5e33f04674ce4e00c242d00b8e"
"md","step-02-analyze-impact","wds","wds/workflows/5-agentic-development/steps-e/step-02-analyze-impact.md","36825d9353f37b201af3d8f06fdc8e32e400f705cb90483eb9e58b01fbfbbf36"
"md","step-02-analyze-scope","wds","wds/workflows/3-scenarios/steps-c/step-02-analyze-scope.md","f50860f8541366f075911188e064a65bc2ae43a37040f36902a18e6b20b82cf2"
"md","step-02-awareness-strategy","wds","wds/workflows/6-asset-generation/steps-c/step-02-awareness-strategy.md","173c57fd273f52d7954ec1c2f170d62bd5393931313fa0de6f6fda730ea8f970"
"md","step-02-business-goals","wds","wds/workflows/2-trigger-mapping/steps-c/step-02-business-goals.md","4d7d0473430e14f0995fbf2815ca1ffc992b35e6e2c41e99ad7a3fbdb200b27c"
"md","step-02-compare-attributes","wds","wds/workflows/7-design-system/steps-c/step-02-compare-attributes.md","12ffc4a3063bc57cdf8cb9d18c949a1a170dd3a3b58812436df2ae78fd4836f3"
"md","step-02-create-delivery","wds","wds/workflows/4-ux-design/steps-h/step-02-create-delivery.md","14a65989aaee497197b5126c7b9d57c5e45efc753f4bc13dc4ee0ad2d7328a36"
"md","step-02-define-component","wds","wds/workflows/4-ux-design/steps-m/step-02-define-component.md","67884600a371ea5cc10dfc6b038bbeacb5b72852d35d414cca4a89384a7b0d59"
"md","step-02-entry-point","wds","wds/workflows/4-ux-design/steps-s/step-02-entry-point.md","5040c5a9c2ecb20c82b9d348a21e47c0bafb8cd8c7e81391685adf4d3deb0b82"
"md","step-02-execute","wds","wds/workflows/5-agentic-development/steps-t/step-02-execute.md","f2d486a1cc7f4a8a269e2ade1e1e98d76839c81847b86b0e427ebbea5b180f75"
"md","step-02-explore-and-capture","wds","wds/workflows/5-agentic-development/steps-r/step-02-explore-and-capture.md","53a15b30d3faca69ff098449fca744c448b7ef4fedc7362deef6feb9850333cd"
"md","step-02-gather-context","wds","wds/workflows/8-product-evolution/steps-a/step-02-gather-context.md","505763e15aeb8fd2d57753bc33ae367ddb108b378aee70fbb1995900ada16d1d"
"md","step-02-generate-visual","wds","wds/workflows/4-ux-design/steps-w/step-02-generate-visual.md","f0181fc7c2155568ef810ca51d258d8ca4f1118cff2a6fb038f039bb706d3d1f"
"md","step-02-hand-off","wds","wds/workflows/8-product-evolution/steps-p/step-02-hand-off.md","8775f330ba6739f015a66bef50e3f58a8549b86034c2753fb85052bf38ddb134"
"md","step-02-identify-export-type","wds","wds/workflows/6-asset-generation/steps-f/step-02-identify-export-type.md","fc787bb881bb9079994cff02853a3709c93aa0e9782a61d9ecc23305586334d3"
"md","step-02-inventory","wds","wds/workflows/6-asset-generation/steps-i/step-02-inventory.md","91d27fee0c3d6f08e944c71f4ecacf68ca7e49ff8c6b2a85519b6e91a82f15d7"
"md","step-02-inventory","wds","wds/workflows/6-asset-generation/steps-m/step-02-inventory.md","3c03882ce4f372ce28fa0b3a0980dd2532ba059ed99b4b6ad139fc4910245e4a"
"md","step-02-inventory","wds","wds/workflows/6-asset-generation/steps-p/step-02-inventory.md","3ba4d8f9a127a2ef51524d8746b6a04cd6f33efc22007d7bbe10e811485b3f80"
"md","step-02-inventory","wds","wds/workflows/6-asset-generation/steps-u/step-02-inventory.md","2d4d079e7087c054bad65e10863e1fbae4198c4e4190b18a6371d39867a48d25"
"md","step-02-inventory","wds","wds/workflows/6-asset-generation/steps-v/step-02-inventory.md","6270770a5228db2933872a256a0dc50ab1fbe4a4fc49d75aa2a7a322bdf37bda"
"md","step-02-inventory","wds","wds/workflows/6-asset-generation/steps-w/step-02-inventory.md","5b82d3f622c2985951cda509438e086b8ad14b9ecd0a7ef9bb61fda52812487b"
"md","step-02-investigate","wds","wds/workflows/5-agentic-development/steps-f/step-02-investigate.md","682c73aff1415387489f88a24d3149931be2117fa388c1605978859118a64bc3"
"md","step-02-layout-sections","wds","wds/workflows/4-ux-design/steps-p/step-02-layout-sections.md","7add63be83b3aad3fd1cd3ed5d693787806025001407fbaf4cdaf9f5e69f7200"
"md","step-02-navigation","wds","wds/workflows/4-ux-design/steps-v/step-02-navigation.md","767f26e0b51b880cea85b54ab578cad088fec94877c4c85ed19cd38f4ad5a610"
"md","step-02-navigation-patterns","wds","wds/workflows/3-scenarios/steps-v/step-02-navigation-patterns.md","417189dac667c779761c997e1fe0f7c43efe4be6fa8bcc3fe4519ca8b58f8d49"
"md","step-02-prioritization-integrity","wds","wds/workflows/2-trigger-mapping/steps-v/step-02-prioritization-integrity.md","aa89b552cbb56262e3fe9c561fccd3128289fab89bfe0ce127e4e317cb304a44"
"md","step-02-scan-codebase","wds","wds/workflows/5-agentic-development/steps-a/step-02-scan-codebase.md","6e18397d9ed07efc2d13fcd5c6c150fb34bc825840289da05e1eb7ed5757c4b3"
"md","step-02-setup-environment","wds","wds/workflows/5-agentic-development/steps-d/step-02-setup-environment.md","0881db2887a8ea3fa05adbc36107b5bd29a2ccfbbcd5543de8af5d96a8022984"
"md","step-02-structure","wds","wds/workflows/0-project-setup/steps/step-02-structure.md","1a548b3e1be0c8685228e54a3ee8b0ebba53d9966104d3fe544ec6ff1edb7cc6"
"md","step-02-trigger-map-consistency","wds","wds/workflows/1-project-brief/steps-v/step-02-trigger-map-consistency.md","3defe3a801e6ba3cc270e857b05c98dc73eb339dba9c4132e7b9057e16bf48da"
"md","step-02-vision","wds","wds/workflows/1-project-brief/steps-c/step-02-vision.md","d6ce9ea9107958a20615a5938fe27ee2edd11c3b4b41acacf5eaea64e31ac0e8"
"md","step-02a-explore-realization","wds","wds/workflows/0-alignment-signoff/steps-c/step-02a-explore-realization.md","f9fffde15d4d88690cc720454a0ac1973fb15ee85555ef5eeab28d4b4075a8db"
"md","step-02b-explore-solution","wds","wds/workflows/0-alignment-signoff/steps-c/step-02b-explore-solution.md","aabd36bd42382a62013acd0f7e11f3d52672859536096342beaf14027f85eb8d"
"md","step-02c-explore-why-it-matters","wds","wds/workflows/0-alignment-signoff/steps-c/step-02c-explore-why-it-matters.md","7f183dea8c6ed155c93ac9c63d4e4a8390dd4fbdebaf5027c92a5e429550a06c"
"md","step-02d-explore-how-we-see-it-working","wds","wds/workflows/0-alignment-signoff/steps-c/step-02d-explore-how-we-see-it-working.md","867facd2d44f0b6fd3b221e4933e72ec7609ae13c9bedec8c5f3ef1ee0ed6ab4"
"md","step-02e-explore-paths-we-explored","wds","wds/workflows/0-alignment-signoff/steps-c/step-02e-explore-paths-we-explored.md","ead7fdac0638d6a7759165fbf895666feca3a1a1a6d49ab4da50a707554b68ab"
"md","step-02f-explore-recommended-solution","wds","wds/workflows/0-alignment-signoff/steps-c/step-02f-explore-recommended-solution.md","65880fc237f41e8c85b5feaec6e9aad2b7c5da72cb7cff4f4aa46f2d801c5045"
"md","step-02g-explore-path-forward","wds","wds/workflows/0-alignment-signoff/steps-c/step-02g-explore-path-forward.md","9d6d454ae8fb194b2e50fb52fc0e9e0644eade5ebdc3f7cff9d4663c06259fc7"
"md","step-02h-explore-value-we-create","wds","wds/workflows/0-alignment-signoff/steps-c/step-02h-explore-value-we-create.md","7fe24e75e4c26f0e338f15f390883d228f022955db0619c2c7f7af9a5967de88"
"md","step-02i-explore-cost-of-inaction","wds","wds/workflows/0-alignment-signoff/steps-c/step-02i-explore-cost-of-inaction.md","b2cb490ccfd1ba2cf9f2d727b2b80c8fa03f2b943d1b9204fb2d85ef7625ad18"
"md","step-02j-explore-our-commitment","wds","wds/workflows/0-alignment-signoff/steps-c/step-02j-explore-our-commitment.md","9f0ba57e88de84ce26a7968af40498130a2cb115a9eefcba7e44937113d8ffac"
"md","step-02k-explore-summary","wds","wds/workflows/0-alignment-signoff/steps-c/step-02k-explore-summary.md","e6281c64b04051628901b70f74c55e8427fd1e3746c8b920d16e1f0fe48b2827"
"md","step-02w-nb-compose-prompt","wds","wds/workflows/4-ux-design/steps-w/step-02w-nb-compose-prompt.md","9e1d8f46cc16270959ce0036e8af13c59d8732db940397d6776489324e5f1ef9"
"md","step-03-action-filter","wds","wds/workflows/6-asset-generation/steps-c/step-03-action-filter.md","b3b80e39a81b4963fa5076b8e861b6d7b24f495da045c8cccead6effb4da341c"
"md","step-03-build-strategic-context","wds","wds/workflows/3-scenarios/steps-c/step-03-build-strategic-context.md","e18a947a445f97da0c2706c89067a88b4203a57e5230e23b6328958be4059a9d"
"md","step-03-calculate-similarity","wds","wds/workflows/7-design-system/steps-c/step-03-calculate-similarity.md","8a76f79ca173fe78ff3807fe7baf81004f0ff403b07ffefb7e863a186c681027"
"md","step-03-components-objects","wds","wds/workflows/4-ux-design/steps-p/step-03-components-objects.md","55a1541c8876049ea58c36f4dc2f251b4aeb117ec7dc1b0974b148a2f51d379a"
"md","step-03-create-test-scenario","wds","wds/workflows/4-ux-design/steps-h/step-03-create-test-scenario.md","e02f5775428fa9bb47e1a48b91b227aaa50181a9d5eb2c3eedf42d770af8756c"
"md","step-03-document-issues","wds","wds/workflows/5-agentic-development/steps-t/step-03-document-issues.md","254c9f2dbd148ff89106c2c8e2c3db530c35c83fc6a8ad0cb139707c86c39bcc"
"md","step-03-fix","wds","wds/workflows/5-agentic-development/steps-f/step-03-fix.md","06c13ad06ea0d3e337bbb1df2c4b955abd20d6a7d84e9b714f0b6a8bd951d3aa"
"md","step-03-generate-specs","wds","wds/workflows/5-agentic-development/steps-r/step-03-generate-specs.md","295465fdb33a86f2b8228dbc6d7525b14168e4c77ceb6aa19da35857bbce07a8"
"md","step-03-implement","wds","wds/workflows/5-agentic-development/steps-d/step-03-implement.md","081333201550cb4a7c1082b08fe5d755050f8729647f7397b5c7b48e73860ed8"
"md","step-03-map-architecture","wds","wds/workflows/5-agentic-development/steps-a/step-03-map-architecture.md","68694cd4a3c58d208c8a727591414d7872937ee9813b54c5a44c6689646ae4f5"
"md","step-03-mental-state","wds","wds/workflows/4-ux-design/steps-s/step-03-mental-state.md","5a9501d1424623905c8a39afe2f3e713085004472d1b65a620bdc640a3921fd8"
"md","step-03-outline-completeness","wds","wds/workflows/3-scenarios/steps-v/step-03-outline-completeness.md","e13002ee722705f70a5c19dd6fc0cd1aae1b560b721e7744a031e023e9c2bc3d"
"md","step-03-page-overview","wds","wds/workflows/4-ux-design/steps-v/step-03-page-overview.md","f342fa98273e5b1d05e42cfdfc6097de33173349c01ba5d885ca68fd0ff075f4"
"md","step-03-persona-consistency","wds","wds/workflows/2-trigger-mapping/steps-v/step-03-persona-consistency.md","560d65920e30df389ef5a04f102b2d34ee1858a1d83c597c3edeee911ad7ef9d"
"md","step-03-plan-implementation","wds","wds/workflows/5-agentic-development/steps-e/step-03-plan-implementation.md","9b346d428d44a16867ef9687f649ef7c22e9e995fb60a2c7c7d57d9b2acf5fe4"
"md","step-03-positioning","wds","wds/workflows/1-project-brief/steps-c/step-03-positioning.md","1c8197e37b333b2eae10ac8c33c7ee79ea7266eebb800c86b9b35db97ff197cd"
"md","step-03-prepare-specifications","wds","wds/workflows/6-asset-generation/steps-f/step-03-prepare-specifications.md","f08d624db4e663e61dc3383fd02f99758a30ba8a85ffbd229369b9801e641af1"
"md","step-03-review-integrate","wds","wds/workflows/4-ux-design/steps-w/step-03-review-integrate.md","a9134e1bbc66df5d3467a72dddebcb8f41f62c9a7ecbac2649701e4b28818012"
"md","step-03-select-style","wds","wds/workflows/6-asset-generation/steps-i/step-03-select-style.md","e10e2daab7fa29bc1d7953bfbcfb21f6aafec3dcbee016a977b29f4a5b1f9bb6"
"md","step-03-select-style","wds","wds/workflows/6-asset-generation/steps-m/step-03-select-style.md","559be0f2a557c1b346c91866b3c80ec35192ffdf9d1458566068b4feaa0b9f95"
"md","step-03-select-style","wds","wds/workflows/6-asset-generation/steps-p/step-03-select-style.md","e56375b3ed2d752baaa9c893d88403671fcc890a9e72d2c876cb7cb9352c219c"
"md","step-03-select-style","wds","wds/workflows/6-asset-generation/steps-u/step-03-select-style.md","bcf57a792bc5d72422e05428b5e8a7990be59115895cfdf3df38ed48b82e2ad0"
"md","step-03-select-style","wds","wds/workflows/6-asset-generation/steps-v/step-03-select-style.md","530163f5008093c7db04933b1e3498cb39c03352ec622663b9775cf1ce2de7d2"
"md","step-03-select-style","wds","wds/workflows/6-asset-generation/steps-w/step-03-select-style.md","0a1df80fe67ad458384ff8771d9f32b016901f5db506fb3026461029ec5aa9a3"
"md","step-03-seo-strategy","wds","wds/workflows/1-project-brief/steps-v/step-03-seo-strategy.md","418955caeadbc07aa436928904a32907e5732cbc7d33590a036095afe59ef7b3"
"md","step-03-target-groups","wds","wds/workflows/2-trigger-mapping/steps-c/step-03-target-groups.md","f789487e126109d225af51daf5aa6657605be0cc051138b608849cf553667b09"
"md","step-03-validate-usage","wds","wds/workflows/4-ux-design/steps-m/step-03-validate-usage.md","0a53458371e77a2b8c0af69b72e3c4a05a44cc934b52e264eab9dc1833853849"
"md","step-03a-reflect-back","wds","wds/workflows/0-alignment-signoff/steps-c/step-03a-reflect-back.md","3e783153ba829535deb81b00acd24f651b9b4ec3a2eea78b38862d8f134ee584"
"md","step-03b-synthesize-document","wds","wds/workflows/0-alignment-signoff/steps-c/step-03b-synthesize-document.md","166630ae12c3182cfb36d2bfd80613e94ea7c9fafc141d93931e0257a2b2d5ea"
"md","step-03d-present-approval","wds","wds/workflows/0-alignment-signoff/steps-c/step-03d-present-approval.md","324df83806f7c95d2b689ebe531bb123d81bb54f6643093c5c00464bb8761a4e"
"md","step-04-content-language","wds","wds/workflows/1-project-brief/steps-v/step-04-content-language.md","b6a36ff8887dc67123bbba445d673c8a350e8582c66f1903038c9511ceca51d7"
"md","step-04-content-languages","wds","wds/workflows/4-ux-design/steps-p/step-04-content-languages.md","e7785d8d071e4391d562003ad481bae3bb8d0f0edd36357d66a16e1728c81d64"
"md","step-04-cross-scenario-consistency","wds","wds/workflows/3-scenarios/steps-v/step-04-cross-scenario-consistency.md","9006ad14e5ec6f12d47bf549dee686fc3d585cb84e6a8f703bebe7d48178fb5c"
"md","step-04-document-findings","wds","wds/workflows/5-agentic-development/steps-a/step-04-document-findings.md","6d228ca5a66b595a999da745e4397486b83b85031f0b320454d62f3ce280dc4d"
"md","step-04-driving-forces","wds","wds/workflows/2-trigger-mapping/steps-c/step-04-driving-forces.md","fe3a218cebc032b700c5eef569ed54b8fdff7bd8626cec662a1e9b551c5f8608"
"md","step-04-empowerment-frame","wds","wds/workflows/6-asset-generation/steps-c/step-04-empowerment-frame.md","46d64c1e005e3e4e8c52628db9d1db916ed14d5553698992456e93381b6f16e8"
"md","step-04-extract-design-system","wds","wds/workflows/5-agentic-development/steps-r/step-04-extract-design-system.md","9b3b7f42ee2937b9a50fd509cce40ee916104f0aa2ca5b5b1e0a0a06bdaf08da"
"md","step-04-feature-impact-alignment","wds","wds/workflows/2-trigger-mapping/steps-v/step-04-feature-impact-alignment.md","47e2d095e5b56f347d49f39eef9e60ba2612db52ed434456ddeba55cbe6194d5"
"md","step-04-generate","wds","wds/workflows/6-asset-generation/steps-i/step-04-generate.md","8a8656663859d5eea39573b27d6285bc547bdf52106d5bb3bb75e4d196804b59"
"md","step-04-generate","wds","wds/workflows/6-asset-generation/steps-p/step-04-generate.md","894c97fa768b9f860e3a123eac69b21f0987facbc9aad8cb616a58ada08809db"
"md","step-04-generate","wds","wds/workflows/6-asset-generation/steps-u/step-04-generate.md","20baac1cffbf94e3f9feaaf7d555181c46b25a0009ab2d7e5add1c58bf7e1e1d"
"md","step-04-generate","wds","wds/workflows/6-asset-generation/steps-v/step-04-generate.md","3cc5edfef5629f5ee9c82a66bf271d58ee5902c82375ee9ab63b1b00e90de4d4"
"md","step-04-generate","wds","wds/workflows/6-asset-generation/steps-w/step-04-generate.md","0c24cd529fb2fa6fe64e7aa4dd68be33192a3a80f8050f0538741da3d97a8125"
"md","step-04-generate-validate","wds","wds/workflows/6-asset-generation/steps-f/step-04-generate-validate.md","dc0b9af7f1e4ace89ee190875d1f867c6b0abbc4a5f98b1942b922bf2f718a1d"
"md","step-04-handoff-dialog","wds","wds/workflows/4-ux-design/steps-h/step-04-handoff-dialog.md","b3c5f557b596f3d3d044360c8c9e6cb873a962d0f37b33a703ed551c70602cb1"
"md","step-04-identify-opportunities","wds","wds/workflows/7-design-system/steps-c/step-04-identify-opportunities.md","7f258d9cea7f036077ee4c3462cc6e8ad49a7ad5c6f6d73329f06c1bf4e137f0"
"md","step-04-implement","wds","wds/workflows/5-agentic-development/steps-e/step-04-implement.md","e67b00aac0be1ba8481507fb88381f14594a647dbe5d2391b02f46847151ed74"
"md","step-04-mutual-success","wds","wds/workflows/4-ux-design/steps-s/step-04-mutual-success.md","dab75ce6626bb7c191896e28884a806530e145b116322a771579238229c16c03"
"md","step-04-page-sections","wds","wds/workflows/4-ux-design/steps-v/step-04-page-sections.md","937f8ce8b18bc2ce8c6d6e5e9e2befe43098cc99c799f48ac3e3e4063643c936"
"md","step-04-references","wds","wds/workflows/6-asset-generation/steps-m/step-04-references.md","cf47aa67e130fbe9c5f5af10f56a8d970796b7342c3faaeab1050aa85dc4fc46"
"md","step-04-report","wds","wds/workflows/5-agentic-development/steps-t/step-04-report.md","bcea3bade0f725a7e1a9fbed13bde931ab524f0c78bb00a66f8d69897bb49479"
"md","step-04-suggest-scenarios","wds","wds/workflows/3-scenarios/steps-c/step-04-suggest-scenarios.md","75e21111d34e9fa415d33d348d26f7e1c9117287ef372eddf057d421dd5372c8"
"md","step-04-verify","wds","wds/workflows/5-agentic-development/steps-d/step-04-verify.md","10e3ff9a2e88c714b33abf483b4ef2b320af9e608aec52cdc4389ee498ea59bb"
"md","step-04-verify","wds","wds/workflows/5-agentic-development/steps-f/step-04-verify.md","980eb34642307013fa7fc58e8ebc5e065b8923785b67460dbfdfbd214b2afa01"
"md","step-04a-offer-signoff","wds","wds/workflows/0-alignment-signoff/steps-c/step-04a-offer-signoff.md","d62ed535de99c09b344e9d7fb939dd09fd11119f0a69d0286018081364c626d8"
"md","step-04b-determine-business-model","wds","wds/workflows/0-alignment-signoff/steps-c/step-04b-determine-business-model.md","fc0f71fca924323f09027c958b790691ead1c0857053874b91babd6c9fcda8e3"
"md","step-05-business-model","wds","wds/workflows/1-project-brief/steps-c/step-05-business-model.md","30cbf22df63db54e7789a38dc85dbb81732c46e77044e17f5af212128d086445"
"md","step-05-cross-document-coherence","wds","wds/workflows/2-trigger-mapping/steps-v/step-05-cross-document-coherence.md","7b1211bcc609de6059a7e5f06ff32f499ecba2e31d70a3d57c131248bc07140e"
"md","step-05-document","wds","wds/workflows/5-agentic-development/steps-f/step-05-document.md","4e41bd1baac0cb703dee3658b0342bd79b7d7ab4fcc937201eb872370704fbc3"
"md","step-05-execute-export","wds","wds/workflows/6-asset-generation/steps-f/step-05-execute-export.md","f160a53a6fa0be6de0951d00478f35c4db3eaf73e2320e814447ff65b90546fd"
"md","step-05-finalize","wds","wds/workflows/5-agentic-development/steps-d/step-05-finalize.md","3f5cebcf269b28d919285560fbe1489bee4eeb4a11be274563b71e76892110fb"
"md","step-05-generate","wds","wds/workflows/6-asset-generation/steps-m/step-05-generate.md","9245b492bd781a1074e14c0f2d4b061a955a36e995771e8b8d57b749420a16ea"
"md","step-05-hand-off","wds","wds/workflows/4-ux-design/steps-h/step-05-hand-off.md","bd417afc9afe88f05f1ba8421ce4b682a3fa3373ca1f98b2794412561499d349"
"md","step-05-identify-risks","wds","wds/workflows/7-design-system/steps-c/step-05-identify-risks.md","62c10fcf19822d1685006925e03d1b4eb0029220ed32ecfdffd6d27ec8a0f256"
"md","step-05-interactions","wds","wds/workflows/4-ux-design/steps-p/step-05-interactions.md","461e6b2936833e94c7d153293efbfb1f28d986d36b1c842b5a0850a15837655e"
"md","step-05-iterate","wds","wds/workflows/5-agentic-development/steps-t/step-05-iterate.md","50b08ed439f0505112adaaf6211c7d2d8f108d1d6977e5cd3568b45e3c429f92"
"md","step-05-outline-scenario","wds","wds/workflows/3-scenarios/steps-c/step-05-outline-scenario.md","557f1caf8ede41402782d2fb05c066fafdd2b76cc70dd955f77107001d46726f"
"md","step-05-prioritization","wds","wds/workflows/2-trigger-mapping/steps-c/step-05-prioritization.md","f9373fa5fa964dae42df37006a25c450e6fba845f34540aabcdc4db05b2c65e8"
"md","step-05-review","wds","wds/workflows/6-asset-generation/steps-i/step-05-review.md","3553d28a89546e6ca509659813783d978a204709996d17464e316bad93e237ac"
"md","step-05-review","wds","wds/workflows/6-asset-generation/steps-p/step-05-review.md","7bf3e1b9a4f81d87c68b5656c5bd9aba9ee5f033c3595f18ad61792c1c4710a1"
"md","step-05-review","wds","wds/workflows/6-asset-generation/steps-u/step-05-review.md","bdc4a98effb86874b47e3680b76ddfa30c302026e5df6d7bd8f93ba2a87b0b74"
"md","step-05-review","wds","wds/workflows/6-asset-generation/steps-v/step-05-review.md","e14a844c903979f66c1c6492b17c8178ccdea6b3c18e7659ba0d626da70c5720"
"md","step-05-review","wds","wds/workflows/6-asset-generation/steps-w/step-05-review.md","c49d03a9387054de66862e238aadf660ce76e447938db3ed3c31f41b7e773314"
"md","step-05-section-order","wds","wds/workflows/4-ux-design/steps-v/step-05-section-order.md","e936508913cddd3d66d1e734066d1538d440cd25f935532e92c8dc70931928ee"
"md","step-05-seo-keyword-alignment","wds","wds/workflows/3-scenarios/steps-v/step-05-seo-keyword-alignment.md","19196d31f1cb8e6c390bdf04e71b5757d343b568e70b0def90dbc9d3896826c3"
"md","step-05-shortest-path","wds","wds/workflows/4-ux-design/steps-s/step-05-shortest-path.md","4dd8bbdec37d777b33eeb427903844be2c7afc4427ac9c142670e80ccff0de21"
"md","step-05-structural-order","wds","wds/workflows/6-asset-generation/steps-c/step-05-structural-order.md","b98eee2b07184071a489cb6f8ab51db27d71a3511c933375fbd41ed2fa0e4839"
"md","step-05-verify-and-document","wds","wds/workflows/5-agentic-development/steps-e/step-05-verify-and-document.md","b912090ca2277a0e9a5b6f2b64559a46d67c2b56b7293eb1d54a9b97699b2bc3"
"md","step-05-visual-direction","wds","wds/workflows/1-project-brief/steps-v/step-05-visual-direction.md","23d70e5e57f7e1b27bde3d954b7a82f529facbf3eeba11f29044a0740f010232"
"md","step-05a-contract-overview","wds","wds/workflows/0-alignment-signoff/steps-c/step-05a-contract-overview.md","71e0657c5688804a4088379e60d6a8a3b9f9b9ccda6b43ca6abb1d2c79ecc19c"
"md","step-05b-contract-business-model","wds","wds/workflows/0-alignment-signoff/steps-c/step-05b-contract-business-model.md","a43d565508eca88f6fc9ec366b0858c4711b9519b1bbc4ad9e9411004255bf14"
"md","step-05c-contract-scope","wds","wds/workflows/0-alignment-signoff/steps-c/step-05c-contract-scope.md","1d60701af9288a6cc3b9202becc1ed9d6e4f501c75f621928606ff0c20395cf4"
"md","step-05d-contract-payment","wds","wds/workflows/0-alignment-signoff/steps-c/step-05d-contract-payment.md","9ae3f5c45f62408aa2ba66076a0e8518ac2810695a72a72d2463136d38c090cc"
"md","step-05e-contract-timeline","wds","wds/workflows/0-alignment-signoff/steps-c/step-05e-contract-timeline.md","c5e6cfa81d77c61ff54de897ad86c0970e9cf5e7228b2599d11dec596a68c4ad"
"md","step-05f-contract-availability","wds","wds/workflows/0-alignment-signoff/steps-c/step-05f-contract-availability.md","7867cce03829374b3a28858c9d7ddb79990bc6c8c3e8561b5aa249d45741a92c"
"md","step-05g-contract-confidentiality","wds","wds/workflows/0-alignment-signoff/steps-c/step-05g-contract-confidentiality.md","6517428388e4a8debaad2be9f430382b892a57ff56f554d4cb8a42318cc439b4"
"md","step-05h-contract-not-to-exceed","wds","wds/workflows/0-alignment-signoff/steps-c/step-05h-contract-not-to-exceed.md","fd3ebfc01288edfa9c82abd58fa0e0b3ea94803116f1358ae6a391a2ad3282e5"
"md","step-05i-contract-work-initiation","wds","wds/workflows/0-alignment-signoff/steps-c/step-05i-contract-work-initiation.md","678c18b7f34dc2c2f381ea3d782455485b815ab5b10781826bdc62f7f78c3033"
"md","step-05j-contract-terms","wds","wds/workflows/0-alignment-signoff/steps-c/step-05j-contract-terms.md","e587befed2a55c4363a195c1c21ccc650cfd96e9e59a0f8c39ad2e92c9a40630"
"md","step-05k-contract-approval","wds","wds/workflows/0-alignment-signoff/steps-c/step-05k-contract-approval.md","414e2baf5dc3fdce18d82b8e3da1c0aafd97d72762b597a6bad05f1ed467fda1"
"md","step-05l-finalize-contract","wds","wds/workflows/0-alignment-signoff/steps-c/step-05l-finalize-contract.md","f89838b8ef3658ba1112f65120c842ad3da779d12a3d61f322880c66849fc9fd"
"md","step-06-business-customers","wds","wds/workflows/1-project-brief/steps-c/step-06-business-customers.md","2512638ba3db9fa71b869290aaa4a0a2a9c86805bda26d8d040ecb62d79a856c"
"md","step-06-continue","wds","wds/workflows/4-ux-design/steps-h/step-06-continue.md","c040d64f43b207e4286d3853a6cf794fd0399a20ac7508569d2c6a39a899cc79"
"md","step-06-generate-content","wds","wds/workflows/6-asset-generation/steps-c/step-06-generate-content.md","f75eba73fed281eeb4beb6e15da5f981b6cbbbd1c8fc11626f34b68cdef52538"
"md","step-06-generate-overview","wds","wds/workflows/3-scenarios/steps-c/step-06-generate-overview.md","2520ff9406c34efebfffb21cb700a7f2ee9650fb6bdb7fb2b49c0537df48f85a"
"md","step-06-object-registry","wds","wds/workflows/4-ux-design/steps-v/step-06-object-registry.md","6f0484594171d69a2acbd655385118694540cdf679f03ffe271204c2c17ca37d"
"md","step-06-platform-requirements","wds","wds/workflows/1-project-brief/steps-v/step-06-platform-requirements.md","b036c12edbaa8674f23cb10b2bc9f98e976b10f3c7981f789ca533e64b5cafb8"
"md","step-06-present-decision","wds","wds/workflows/7-design-system/steps-c/step-06-present-decision.md","0193c75ea40093dfe4ec9cfa3b9306775b1673a5eb6a08867a6bd847eac6a530"
"md","step-06-review","wds","wds/workflows/6-asset-generation/steps-m/step-06-review.md","fcdc2559ea16cd330756b843161c5c504737bbae79dfa4292ddf55df3b91de3a"
"md","step-06-scenario-name","wds","wds/workflows/4-ux-design/steps-s/step-06-scenario-name.md","e5c5bd3e875c2864f2e31366bbdfe12793c7c2c2c765473e4dd4ff9d54e5f1f9"
"md","step-06-states","wds","wds/workflows/4-ux-design/steps-p/step-06-states.md","5978d21ddfb06ba29608b55fc5d545956fdc1733d3fea7ea7f104d0cf5148fe2"
"md","step-06a-build-internal-signoff","wds","wds/workflows/0-alignment-signoff/steps-c/step-06a-build-internal-signoff.md","2bf94a739fbd452a764afe1d02a00bdf12d67d925961f3fc026ce0ea3d227d6f"
"md","step-06a-extract-features","wds","wds/workflows/2-trigger-mapping/steps-c/step-06a-extract-features.md","095362d996adca6c215726f0d58e81d70da2eb6503519b5cc52c7c61664b7351"
"md","step-06b-confirm-assessment","wds","wds/workflows/2-trigger-mapping/steps-c/step-06b-confirm-assessment.md","e6f4a204053418925ef79fc14d583713774843aad721a398da40dc90ee907562"
"md","step-06b-finalize-signoff","wds","wds/workflows/0-alignment-signoff/steps-c/step-06b-finalize-signoff.md","8f01a112ad0dc2063cd26e3159959b228f5d6626476679ab7c78abe25b2cd087"
"md","step-06c-make-assessment","wds","wds/workflows/2-trigger-mapping/steps-c/step-06c-make-assessment.md","87466dfa354e54e30718c0b3ce58ff6de3b1b614749d183a103a51cca7b34dd8"
"md","step-06d-generate-document","wds","wds/workflows/2-trigger-mapping/steps-c/step-06d-generate-document.md","899e94c6bccee43d4c301faa71046e77af6400e6a1483b4774a9210f8524e9a5"
"md","step-06e-feature-wrap-up","wds","wds/workflows/2-trigger-mapping/steps-c/step-06e-feature-wrap-up.md","19e0f4ee1f34f437dcc932566a88713cdd12cfbcf0ceb3fdb811e091321068d0"
"md","step-07-create-scenario-folder","wds","wds/workflows/4-ux-design/steps-s/step-07-create-scenario-folder.md","571c7779dfcd0827e67db6ce69b4970aa6aaf11043e13cce926a62486e867a6f"
"md","step-07-design-system-separation","wds","wds/workflows/4-ux-design/steps-v/step-07-design-system-separation.md","52e9381ef95ba6f984514c9b805421028c6c831026ca6f4c5b5cd3d40943cfd7"
"md","step-07-execute-decision","wds","wds/workflows/7-design-system/steps-c/step-07-execute-decision.md","ac2b557af2cbeeb23bf5c70dee85f9bf80cfe9e2cb9153aca5a4eb7472248573"
"md","step-07-quality-review","wds","wds/workflows/3-scenarios/steps-c/step-07-quality-review.md","d15be9d79973d133225a7f2fdc68074862eebdcc1392960395d0b48bdc286dc6"
"md","step-07-target-users","wds","wds/workflows/1-project-brief/steps-c/step-07-target-users.md","388528a31fb32e6d75482386053815d4b6031784de4300ffbbe386b5f08dc929"
"md","step-07-validation","wds","wds/workflows/4-ux-design/steps-p/step-07-validation.md","729e7b837ec68b06b5ee03255bdd729613b6757f6cf7e5c49694b1adcb97eec0"
"md","step-07a-generate-hub","wds","wds/workflows/2-trigger-mapping/steps-c/step-07a-generate-hub.md","dae82ab29809c21443041d2c73b4445de8a2c5b484fd22dce63266d80c770da9"
"md","step-07a-product-concept","wds","wds/workflows/1-project-brief/steps-c/step-07a-product-concept.md","57674d9558205757fd24fe27c9d010858b6c257c359b8e1be195ab35ccfca814"
"md","step-07b-generate-business-goals","wds","wds/workflows/2-trigger-mapping/steps-c/step-07b-generate-business-goals.md","e28d0e302a183646f2eee465bbe50e7a2bf9921277a9d1a834fe549aa18f5d58"
"md","step-07c-generate-primary-persona","wds","wds/workflows/2-trigger-mapping/steps-c/step-07c-generate-primary-persona.md","37b934acfdf7af4125f19ea3d2ce9cae549caff0b7c1fb29a6c036b412cf13ad"
"md","step-07d-generate-secondary-persona","wds","wds/workflows/2-trigger-mapping/steps-c/step-07d-generate-secondary-persona.md","5a5305e09de22fa136f310d5008405672b564d1e602faf28709a4f2e1d258ee8"
"md","step-07e-generate-tertiary-persona","wds","wds/workflows/2-trigger-mapping/steps-c/step-07e-generate-tertiary-persona.md","819d5f8c4672692f8ef755d5542b69058c3c438e8a740cb3cf874d334129d08c"
"md","step-07f-generate-key-insights","wds","wds/workflows/2-trigger-mapping/steps-c/step-07f-generate-key-insights.md","b8ceda09fe8f1c2460a0dc5b6a28b6d67018e869b359bbbff9cb2d8f322bbab4"
"md","step-07g-quality-check","wds","wds/workflows/2-trigger-mapping/steps-c/step-07g-quality-check.md","5470b9f19624f098901c558f565b7aa9b0ab1a668b2949316bc61234aa54550a"
"md","step-08-page-context","wds","wds/workflows/4-ux-design/steps-s/step-08-page-context.md","2e0aa6ea435e7ec1fab7448c968d3fbbd05b887b98ee97445027819d15658711"
"md","step-08-seo-compliance","wds","wds/workflows/4-ux-design/steps-v/step-08-seo-compliance.md","701262c71e2998b0ef3548dbabc57506d6fab9edb981100f2c55946aa9e75ab4"
"md","step-08-spacing-typography","wds","wds/workflows/4-ux-design/steps-p/step-08-spacing-typography.md","538ed208cbf1e99e0b44eec684edacdf8683250676243c37baf51e2d5b54f02a"
"md","step-08-success-criteria","wds","wds/workflows/1-project-brief/steps-c/step-08-success-criteria.md","1bffdcefd8f0af0b1e73589465a65d50c6851044619301f26cf66f971eb4b8d4"
"md","step-08-update-design-log","wds","wds/workflows/3-scenarios/steps-c/step-08-update-design-log.md","787ce3d52812bddfe5cc985c2f4601667160cf4b55f1974871a95201753a5e80"
"md","step-08a-initialize-design-system","wds","wds/workflows/7-design-system/steps-c/step-08a-initialize-design-system.md","176cd33f5b97d16bdfd96ee91584ba9df2ad8e29c678e064130252346aa44ff2"
"md","step-08a-mermaid-init-structure","wds","wds/workflows/2-trigger-mapping/steps-c/step-08a-mermaid-init-structure.md","79da81b7296c439ba1d3daa9eb3b2e305631b38c39c378c373645007fe214e2e"
"md","step-08b-create-new-component","wds","wds/workflows/7-design-system/steps-c/step-08b-create-new-component.md","9a41f7d27c1a60e1445998d5b1a154fbb98cee41fd0e99364ba8e2fab3f3a416"
"md","step-08b-mermaid-business-goals","wds","wds/workflows/2-trigger-mapping/steps-c/step-08b-mermaid-business-goals.md","d93c636ead26da07ee5b4de8e281e95b8ed90e78d23e7d8eca75e425ec5d2d8d"
"md","step-08c-mermaid-platform","wds","wds/workflows/2-trigger-mapping/steps-c/step-08c-mermaid-platform.md","a5f981ddafcc4d592c78f087e8e2054d672e2fcfcde2d3308ab736cb5629c765"
"md","step-08c-update-component","wds","wds/workflows/7-design-system/steps-c/step-08c-update-component.md","762e3ac7b05abe1a76cff424eeec3863d0012331f4bd753c951b9cde1c555443"
"md","step-08d-add-variant","wds","wds/workflows/7-design-system/steps-c/step-08d-add-variant.md","92ad07bdcaea1092e4f050113814f2b3ee5a70564f0da41b47ff5444bccd8f7a"
"md","step-08d-mermaid-target-groups","wds","wds/workflows/2-trigger-mapping/steps-c/step-08d-mermaid-target-groups.md","26ad97d1e4e50b4fb1da6594ab9a7850357b29adf60bfc07fc9f31a4ef1c51ef"
"md","step-08e-generate-catalog","wds","wds/workflows/7-design-system/steps-c/step-08e-generate-catalog.md","51cdc4338ee1538811cc52653b00874703093c0c8b61d165dca683fff34a1b73"
"md","step-08e-mermaid-driving-forces","wds","wds/workflows/2-trigger-mapping/steps-c/step-08e-mermaid-driving-forces.md","3e0d9e46ac8a861a16f9b22f0396195e4c21b4aafdc99e6be2a6b3e2d4506d66"
"md","step-08f-mermaid-connections","wds","wds/workflows/2-trigger-mapping/steps-c/step-08f-mermaid-connections.md","db7e7df7bc536044c494d2c5335d80465e7a3a3b7da9abb942b4d31fce79be9d"
"md","step-08g-mermaid-styling","wds","wds/workflows/2-trigger-mapping/steps-c/step-08g-mermaid-styling.md","e1326f52cc101e3a24498e9820c33123b1aeb658b0299d850bef10074ecbc752"
"md","step-08h-mermaid-quality","wds","wds/workflows/2-trigger-mapping/steps-c/step-08h-mermaid-quality.md","ae1a8cfb663d6331dbac80335a09659d374d83cbbb94ed31f552c379dfe81688"
"md","step-09-competitive-landscape","wds","wds/workflows/1-project-brief/steps-c/step-09-competitive-landscape.md","46061018bf8a6a555f3c7ddf33ebaa5753b49b48d58892adb2987d93b937eb12"
"md","step-09-design-system-consistency","wds","wds/workflows/4-ux-design/steps-v/step-09-design-system-consistency.md","4ab7e741f42f11151c53c2543875e83b8272570216c8bde3c0729ddba7c3231a"
"md","step-09-generate-spec","wds","wds/workflows/4-ux-design/steps-p/step-09-generate-spec.md","c3a67e85249891997b9635879e80f88406a9793e9e11611949b1dc63b74a69f4"
"md","step-09-handover","wds","wds/workflows/3-scenarios/steps-c/step-09-handover.md","79d7e89cc7660d39c9b4d1c2c26b4a4485fc4ba774d6189ad9ca609ecb93c8a5"
"md","step-09-page-name","wds","wds/workflows/4-ux-design/steps-s/step-09-page-name.md","59d0c0d03044a454d5837d9298094fdd6aca96c5a2674747c8c81f1f7df056a5"
"md","step-09a-finalize-hub","wds","wds/workflows/2-trigger-mapping/steps-c/step-09a-finalize-hub.md","6af1b59fe4e3665c1aef7c1e910231165047a3a7dcd26fe3aa97756c6a91bdd5"
"md","step-09b-add-cross-references","wds","wds/workflows/2-trigger-mapping/steps-c/step-09b-add-cross-references.md","01ed60bbf4642581e7bb541a8d5dd3e1edfb7cf76642cc979617d44fb560c8a3"
"md","step-09c-quality-check","wds","wds/workflows/2-trigger-mapping/steps-c/step-09c-quality-check.md","e25244a766a09fd846fb2cd538e0a62d3376e943c801c3dc39b0cfd95afd6a63"
"md","step-09d-create-handover-package","wds","wds/workflows/2-trigger-mapping/steps-c/step-09d-create-handover-package.md","29ac3c2ebdd371915c362127c9dcc8bb9de8298f277f85f7c14dddc5333d4dee"
"md","step-09e-update-design-log","wds","wds/workflows/2-trigger-mapping/steps-c/step-09e-update-design-log.md","92df9226aa62a85b1a72319b8202c6b9eab84641f9f5007e9625d59b58c030c0"
"md","step-09f-provide-activation","wds","wds/workflows/2-trigger-mapping/steps-c/step-09f-provide-activation.md","495692e2ccb110847ec059ae771c75714e9f06a387cb294c5eb52a31cf5da3ec"
"md","step-10-constraints","wds","wds/workflows/1-project-brief/steps-c/step-10-constraints.md","a71e3966bed34bfb2c22177343f50121592b036d0190f8cbb4d5a951b8d7c1ea"
"md","step-10-final-validation","wds","wds/workflows/4-ux-design/steps-v/step-10-final-validation.md","eb79471c429a88466675e6b2f0a4f04763f1c4bfaaf256006f632651110691bc"
"md","step-10-page-purpose","wds","wds/workflows/4-ux-design/steps-s/step-10-page-purpose.md","a1efac12141c5a33039f2688c64f442130fff15e7486704dc987bde4b76de338"
"md","step-10a-platform-strategy","wds","wds/workflows/1-project-brief/steps-c/step-10a-platform-strategy.md","414fa734c9efac334c4ad073c1b166caf42dc53b2ebb3a0369221c337764c6f0"
"md","step-11-entry-point","wds","wds/workflows/4-ux-design/steps-s/step-11-entry-point.md","3193b71a31a644a19ef9aec729a27428196cc61c52a00a1f97e1817c15a6fcad"
"md","step-11-tone-of-voice","wds","wds/workflows/1-project-brief/steps-c/step-11-tone-of-voice.md","d21c19c2663c3bc6fb2a04b845b2dbece3cca952a8d0b05e17b452358ceddc25"
"md","step-12-create-product-brief","wds","wds/workflows/1-project-brief/steps-c/step-12-create-product-brief.md","4943d0d6239d00536d45a3d899689378cbd3466033dbb5813143f30d013fc520"
"md","step-12-mental-state","wds","wds/workflows/4-ux-design/steps-s/step-12-mental-state.md","8ead2ffb7f72d3a380c796782a426e4606f0bc271709d126bb74ad3bc7a8a022"
"md","step-13-content-init","wds","wds/workflows/1-project-brief/steps-c/step-13-content-init.md","cd9ec401dee6ff18f2f9a2a604c34b43d4f500296f4d00922f74b0769f963b03"
"md","step-13-desired-outcome","wds","wds/workflows/4-ux-design/steps-s/step-13-desired-outcome.md","46ea2e121bd12fb02f693427e2a7356c61dca4535b400818d21c236a151ebdbc"
"md","step-14-personality","wds","wds/workflows/1-project-brief/steps-c/step-14-personality.md","30078925c7b99d0faeddcf7238f490f2e8f368ff600134d5586dba08e39a4536"
"md","step-14-variants","wds","wds/workflows/4-ux-design/steps-s/step-14-variants.md","768e60fbcd380473a77a97e2bc0aed8926476766edb8cadacd1a0159f3613b4b"
"md","step-15-create-page-structure","wds","wds/workflows/4-ux-design/steps-s/step-15-create-page-structure.md","74af9abdf88cf35d3b31415b173f818b26ad212aa8cee3912d70a5b7c234b1b3"
"md","step-15-tone","wds","wds/workflows/1-project-brief/steps-c/step-15-tone.md","551bb83843df27f9e81e55025a37c63bdc1de34fb5f49a9081e8ed5919f1b662"
"md","step-16-languages","wds","wds/workflows/1-project-brief/steps-c/step-16-languages.md","76ed504550abda51db4b0f06cd469d62e472cc218a19d7eac00de15fa137560b"
"md","step-17-seo-keywords","wds","wds/workflows/1-project-brief/steps-c/step-17-seo-keywords.md","831082ef6e793790791f3cfa06f0212e5c8bce7ddfd8886c7c1b99f955ef3153"
"md","step-17a-content-structure","wds","wds/workflows/1-project-brief/steps-c/step-17a-content-structure.md","2e709b116a6f9d03f1f1171a15ae610d820daad7f6dc12d573e6b738d7ed83f1"
"md","step-18-create-content-document","wds","wds/workflows/1-project-brief/steps-c/step-18-create-content-document.md","f57165f8042282be1ab64707420e6f94cc131b9a35789053537a12bb3d569497"
"md","step-19-inspiration-workshop","wds","wds/workflows/1-project-brief/steps-c/step-19-inspiration-workshop.md","5c7ae3a36c4f4829697a2735c668bf96272113843589ee39bacaed8c67f8cb21"
"md","step-20-visual-init","wds","wds/workflows/1-project-brief/steps-c/step-20-visual-init.md","b0467a2955aca4efcd67a39afdee162eb5c767f57aa6d9e99b014a42d7a038a4"
"md","step-21-existing-brand","wds","wds/workflows/1-project-brief/steps-c/step-21-existing-brand.md","e6602307da8216bef886af1703cbc7b1382c32633d204b0c491766c6dee4ae3c"
"md","step-22-references","wds","wds/workflows/1-project-brief/steps-c/step-22-references.md","244e527eb0892814d5a96db4d4e5d60e3039f8a95369b66a47ca8892c39a2654"
"md","step-23-design-style","wds","wds/workflows/1-project-brief/steps-c/step-23-design-style.md","2cca9f465b470be314bb17ec882b9ac50dd2a2a4f6818ba5a4dcffeca7069b20"
"md","step-24-layout-effects","wds","wds/workflows/1-project-brief/steps-c/step-24-layout-effects.md","02f08384d9817168b93d1541623e01d76cb838e502489ee907e0df132e594832"
"md","step-25-imagery","wds","wds/workflows/1-project-brief/steps-c/step-25-imagery.md","ec654197a117afcfc94b3d58d14f661b630fcffe14cc75cb6fd0515561537c1e"
"md","step-26-create-visual-document","wds","wds/workflows/1-project-brief/steps-c/step-26-create-visual-document.md","47b0cfe7b40e481534dd70f991aae7bb954edf04d9cae6fdf33f5d0e4d6317c0"
"md","step-27-platform-init","wds","wds/workflows/1-project-brief/steps-c/step-27-platform-init.md","596bb3dfedd0a5165c09f40afee9a0c201d02513ab3b481d1308a8fbf83118f9"
"md","step-28-tech-stack","wds","wds/workflows/1-project-brief/steps-c/step-28-tech-stack.md","f9ede60c358781dc7ff4db670b9492211ad37c48485bb16b0bd0717bac6c4cae"
"md","step-29-integrations","wds","wds/workflows/1-project-brief/steps-c/step-29-integrations.md","a4e397475564ac4a3a7e4c9b70044d981760bf35d20811d76db41562b15c5275"
"md","step-30-contact-strategy","wds","wds/workflows/1-project-brief/steps-c/step-30-contact-strategy.md","353f485470a3a62c05ca71898a64dbc3611cc266b178c77bc1859bf8929d38cb"
"md","step-31-multilingual","wds","wds/workflows/1-project-brief/steps-c/step-31-multilingual.md","d156fdcb53891e93df116d54fe3faf8649e22e30ed06ffd2b56d45ff4057fec7"
"md","step-32-create-platform-document","wds","wds/workflows/1-project-brief/steps-c/step-32-create-platform-document.md","28098890cc94fe697c28b72fd82903cc94efc3614994fd68e0d33020d11f7c87"
"md","step-33-analyze-brief","wds","wds/workflows/1-project-brief/steps-c/step-33-analyze-brief.md","26dabb812902618bebf3e81a8a3341d8b5e475fbab2c7b2e1a1f8b4463363979"
"md","step-34-create-summary","wds","wds/workflows/1-project-brief/steps-c/step-34-create-summary.md","f63c2f6039fa6110c7b4da860e8c0cafd90ac7d6d17491a75997e34ad3c974b6"
"md","step-35-update-design-log","wds","wds/workflows/1-project-brief/steps-c/step-35-update-design-log.md","de02b94dac8cd250795d703479fc931081b325f3a74b076384654f68eec9fdd7"
"md","step-36-provide-activation","wds","wds/workflows/1-project-brief/steps-c/step-36-provide-activation.md","50cef4d46e6d2ccbe13ced7d79b67d79a5a77e7e12e09d430530bbbe112c314d"
"md","stitch-prompt.template","wds","wds/workflows/6-asset-generation/templates/stitch-prompt.template.md","9bace9310fad7560b89e7ae65f707a86189e871896d48189c872c22232a5cf3d"
"md","story-file-template","wds","wds/workflows/5-agentic-development/templates/story-file-template.md","f8af85ba4d8e037cf6657f73ff6455f900ecbb6d961f96a33edde147c7dba161"
"md","STORYBOARD-INTEGRATION","wds","wds/workflows/4-ux-design/data/modular-architecture/STORYBOARD-INTEGRATION.md","0f56c690cca5b23c6c8c2175f7e4df1f8d4ac605583bc469ce0f4dceb1864ca6"
"md","storyboard-specification.template","wds","wds/workflows/4-ux-design/templates/storyboard-specification.template.md","c02afbd1f0de9ad949bdcab52497e9b4577aa6298af0803fd6f6d92a013dee96"
"md","storyboards-guide","wds","wds/workflows/4-ux-design/data/modular-architecture/02-workflows/storyboards-guide.md","1a3dd651f44b99e4814549bf49aecc9ac1ffe68fb462054045d0642ed1d874d7"
"md","strategic-design","wds","wds/data/agent-guides/freya/strategic-design.md","8b4b894900c9faafa3c59caff3b3d7660a8b9f2c1d20f3a9488ab9acddfde1e9"
"md","strategic-documentation","wds","wds/data/agent-guides/saga/strategic-documentation.md","3aefc8977d9dbf8fd51c1cc907455f5dd136d5d82feae2831c0ea95fe2503ad3"
"md","substeps-guide","wds","wds/workflows/4-ux-design/data/substeps-guide.md","6c3c1f5177209d6c49e43ff0647140caf1343367b4ecfba2d21d7e84fa679aa3"
"md","test-result-templates","wds","wds/workflows/5-agentic-development/data/test-result-templates.md","0c91cf13b2f51407c321e92cedfa2cdc91be83922d73c43317ac25147fd9493d"
"md","testing-guide","wds","wds/workflows/5-agentic-development/data/testing-guide.md","e7bd9545d8f0a0403560f0a461e3e7c04c9f0137382549e49f1ba22399a85610"
"md","TEXT-DETECTION-PRIORITY","wds","wds/workflows/4-ux-design/data/object-types/TEXT-DETECTION-PRIORITY.md","7636283a05d1e989feabd852b7f08ed0b9b691112c223c0250e312bf550003fd"
"md","text-input","wds","wds/workflows/4-ux-design/data/object-types/templates/text-input.md","14aadbd8bf50ae269efeb00ccaaf005d17cb3f9c2d712e995f7e531e6ad1c9ec"
"md","three-tier-overview","wds","wds/workflows/4-ux-design/data/modular-architecture/01-core-concepts/three-tier-overview.md","1e651f59f181608a4f5dc05ed75bba66a339b2cd5cdbfcc3cdd47d8010a18aa3"
"md","token-architecture","wds","wds/data/design-system/token-architecture.md","b9a25beb5b258e7eef7726ca51f9eb3b1e0771bbd67826eec0bbd24f2c77f15f"
"md","tone-of-voice-example","wds","wds/workflows/1-project-brief/data/tone-of-voice-example.md","93db79c791f3c7ce2d472a0f377d8f39c14ded5fe7ac17c4ae578161a8ebf7e7"
"md","tone-of-voice-output-template","wds","wds/workflows/1-project-brief/data/tone-of-voice-output-template.md","6bb608fb04d520d3e81170af198822307959373eff92cbe16646ef423cdbea41"
"md","tools-reference","wds","wds/workflows/6-asset-generation/data/tools-reference.md","16494340a72595888cdca8bd049b65fb46dbb7546cbc817466e67ae90362415f"
"md","TRANSLATION-ORGANIZATION-GUIDE","wds","wds/workflows/4-ux-design/data/guides/TRANSLATION-ORGANIZATION-GUIDE.md","42455557055a41fd5a74641cad133b540a0e77382a50d7d39ff7219466d593bb"
"md","trigger-map.template","wds","wds/workflows/2-trigger-mapping/templates/trigger-map.template.md","e1e0423713f5ba9e801fa8ba82c257b262d2a4f3c298751fdca097edf677221d"
"md","trigger-mapping","wds","wds/data/agent-guides/saga/trigger-mapping.md","08300627d7d3e9d8fad1750fc4e2eedd265fb85e64bb4f6280ca5c9dd800dd6e"
"md","USAGE","wds","wds/workflows/1-project-brief/templates/project-brief-dialog/USAGE.md","30520a61524def4321f2bcf863de481a4eaa6527f8ba2dfc374ca40965a10075"
"md","validation-patterns","wds","wds/data/design-system/validation-patterns.md","69f98e70418aeb19d75cd8f7c04e72525f362de8adaa9c82b96850d05f9a83f0"
"md","validation-standards","wds","wds/workflows/3-scenarios/data/validation-standards.md","3124a6f19d7baee5966f677fc1c6ff86414a8053dbf201c59a69aa7def425faa"
"md","validation-standards","wds","wds/workflows/4-ux-design/data/validation-standards.md","ab51a06c196949570987996e93ad914fbeabad0bfeda1f909e437b196180bcf5"
"md","vision-explore","wds","wds/workflows/1-project-brief/data/vision-explore.md","e78666bb3c27825be544e5ae3de151d3ca60bd0d1891863b4fd39b3cd0f58f51"
"md","vision-open-conversation","wds","wds/workflows/1-project-brief/data/vision-open-conversation.md","ed9eb6becfc42695fdc4391fd8a103dece621105dfc92b27f2a32f99762a1109"
"md","vision-reflect-confirm","wds","wds/workflows/1-project-brief/data/vision-reflect-confirm.md","fc30991f806f7af4cbeb8213f4dce84861b3c05f2c60954b5b6787254a42af53"
"md","vision-synthesize","wds","wds/workflows/1-project-brief/data/vision-synthesize.md","32f72d5f71c89ab39f36b37662fe43d9880401042010ec6ba0fa21d4ef3c9b3f"
"md","visual-direction.template","wds","wds/workflows/1-project-brief/templates/visual-direction.template.md","4d4de5a305985411bf0e2676da683480fdc7fd297b42f32d15d26755e29df4fc"
"md","watercolor","wds","wds/workflows/6-asset-generation/data/styles/content-styles/watercolor.md","91f935adef2348844453767fb3cee29b09d92e6c1dbcce7e8c02e14919ef19d3"
"md","WDS-SPECIFICATION-PATTERN","wds","wds/workflows/4-ux-design/data/guides/WDS-SPECIFICATION-PATTERN.md","aa9e2aaadbbc95ed8320ebec8cd39622f6d33309eba99b5cf37261853ba5c15e"
"md","when-to-extract-decision-guide","wds","wds/workflows/6-asset-generation/data/when-to-extract-decision-guide.md","c7fd73399aa8806155f69489dc5325053298e4a7a034e5bf728dbaa06b7050ce"
"md","workflow","wds","wds/workflows/0-alignment-signoff/workflow.md","964df2497b8824e69edfe5a44a66a5237df9c0c4ab2145c3b2286502efc8334a"
"md","workflow","wds","wds/workflows/0-project-setup/workflow.md","9b4d48eeb33d5e94352b26245afcec179ab58f4d451250dd48d35bdac20b9354"
"md","workflow","wds","wds/workflows/1-project-brief/workflow.md","e348c268da880e8505a5476312a565c6e26df2fd92b45ce73104b055325246f9"
"md","workflow","wds","wds/workflows/2-trigger-mapping/workflow.md","274a720027c7baf7eceef5b3a6e6ae3734e60518f07d0934b337c389e4e4b2b0"
"md","workflow","wds","wds/workflows/3-scenarios/workflow.md","f3de33b504c8faf1f3d56e094df69919950220b5f760536f74b266d5df98d861"
"md","workflow","wds","wds/workflows/4-ux-design/data/modular-architecture/workflow.md","910b5e6037bff0fd5988aa872655ffe236db0e414ec3e839ea0f057d8918c0df"
"md","workflow","wds","wds/workflows/4-ux-design/data/object-types/workflow.md","9d65d5407a242b24c84c19ce6799f810b703bea5ce57d03184d24afcc4d7ce87"
"md","workflow","wds","wds/workflows/4-ux-design/workflow.md","0ebc6a075619c75e1bce3077f8c45989a94bd7cc0bbe8e736a32bb5428ff5c96"
"md","workflow","wds","wds/workflows/5-agentic-development/workflow.md","d419b20f9b28333a4e1ad87ea9967ec00bdd93e50b905d81fe2354a011cb0bca"
"md","workflow","wds","wds/workflows/6-asset-generation/workflow.md","e9dcfc21296a50cecca2565cdc6129239d4d253930de2c6a33459b8ae40fe280"
"md","workflow","wds","wds/workflows/7-design-system/workflow.md","15182ac280427e91c6cd8ba324efd08c336d442b1b14cbfee483d763f2627b3d"
"md","workflow","wds","wds/workflows/8-product-evolution/workflow.md","e8b899811a65b47fa1b3e1f5de8d4197d158e8c69df019370cc8bc385571cee8"
"md","workflow-acceptance-testing","wds","wds/workflows/5-agentic-development/workflow-acceptance-testing.md","97d82cd31f09737bbee2ff9247a38a1cfeb6d6d58bfd8e0c1c84b13b95fe16d4"
"md","workflow-analysis","wds","wds/workflows/5-agentic-development/workflow-analysis.md","5f5fb125074a17f80703d226f2f5b10e72dba297dd01c2dc8b7611784b39c08d"
"md","workflow-analyze","wds","wds/workflows/8-product-evolution/workflow-analyze.md","a8eb977aa7c34bcf865cdf11d0d3641070d6a5cd03d5bcfe188cc7ff6c0f2ef2"
"md","workflow-browse","wds","wds/workflows/7-design-system/workflow-browse.md","2a961a3f19cac758a0fbcb9bfd541af877e7b1519238a0e0454f25ed5604a927"
"md","workflow-bugfixing","wds","wds/workflows/5-agentic-development/workflow-bugfixing.md","25b540ec4703013016e23a66be1bc5da15d125022dbd801ab51b1718ea4d5ed9"
"md","workflow-conceptualize","wds","wds/workflows/4-ux-design/workflow-conceptualize.md","80c1fb568b9596d97f7fc462b232aabcc7565fa99856042723f505f829392148"
"md","workflow-content","wds","wds/workflows/6-asset-generation/workflow-content.md","5633139635fed61f720fc1f249e8ce77e3b4fa0aa5c4e9ee7195f896a4d49084"
"md","workflow-create","wds","wds/workflows/7-design-system/workflow-create.md","0ef810775d140da15dc80b3353148ffa1a196fc7bc651c58a70fa56c02d48386"
"md","workflow-deploy","wds","wds/workflows/8-product-evolution/workflow-deploy.md","72f86643f4de09e512178f7fd5167cbf20ceedbef4f83e12cda5c27f2882f03c"
"md","workflow-design","wds","wds/workflows/8-product-evolution/workflow-design.md","8f6b5975b16ad7404230c93152ab056c4fac87eb6a760c1e45e7574cae9139ce"
"md","workflow-design-system","wds","wds/workflows/4-ux-design/workflow-design-system.md","d37152cf4704bfa44bdabbb8a67aa331761ceed836677c2ec580b3da01d7db78"
"md","workflow-development","wds","wds/workflows/5-agentic-development/workflow-development.md","9883a1926ee81a917c1da81cb1d25bceb421b9b0bc9ccaa8a32cd2190ea40243"
"md","workflow-dream","wds","wds/workflows/4-ux-design/workflow-dream.md","e65084c9806698b2b7921440cd5fc88df92172d4c9170e84e3519c08ac14cf96"
"md","workflow-edit","wds","wds/workflows/7-design-system/workflow-edit.md","ac794783451d74f571bc2878c838e471f1d7abd28b98ed909bd437a950bc39f2"
"md","workflow-evolution","wds","wds/workflows/5-agentic-development/workflow-evolution.md","dbdfd7a2c3eed63c23835d7dee51817d93f5583a0e73b04abdd10647c08bba26"
"md","workflow-figma","wds","wds/workflows/6-asset-generation/workflow-figma.md","69450529f468f454436a57d9bb71c7722aff4ad10cc1938153715cc4fd61b15e"
"md","workflow-handover","wds","wds/workflows/4-ux-design/workflow-handover.md","2bafcbc89d95cba807c7bbc2040fcf46a15523ae5c63780d59b1ebfad3fa59da"
"md","workflow-icons","wds","wds/workflows/6-asset-generation/workflow-icons.md","ca75951b62232cd305cd58769d1be72cbb2b2a3812c804f2fae84f3655aa9aac"
"md","workflow-images","wds","wds/workflows/6-asset-generation/workflow-images.md","c24712dcc7ac2bd57d7c08af42b2ced51ad674af979b7b3f2f9584c7717c0daf"
"md","workflow-implement","wds","wds/workflows/8-product-evolution/workflow-implement.md","f1ba07f816b57d467b29e0c7849c80688565d58b4aeedce2c16bad45a8d7f5c8"
"md","workflow-import","wds","wds/workflows/7-design-system/workflow-import.md","d7466cd2ec2c0340e4dcdce99596ce16085fd3c766646f621c9a36b6c6edf980"
"md","workflow-page-designs","wds","wds/workflows/6-asset-generation/workflow-page-designs.md","5134f30a42d0a47cd683ee192396ce2a22565433c007e5972782be86a0c79d39"
"md","workflow-prototyping","wds","wds/workflows/5-agentic-development/workflow-prototyping.md","785e9d51acd52502071573d261856cda9a1790d644dbf742f0a030a000653db9"
"md","workflow-reverse-engineering","wds","wds/workflows/5-agentic-development/workflow-reverse-engineering.md","b4ac22aa5afd9202b06ec0f299d221162c42ff16545f26217e821705b8a83b5d"
"md","workflow-scope","wds","wds/workflows/8-product-evolution/workflow-scope.md","830661e3ed834c39f29c24b4a1b50397c1ff5a460053ecb25b768fca6e20a475"
"md","workflow-sketch","wds","wds/workflows/4-ux-design/workflow-sketch.md","1d58375e916582d0e5c168c580c39a9b6238ed8d75461071a1b5a9bb8fddc4ca"
"md","workflow-specify","wds","wds/workflows/4-ux-design/workflow-specify.md","6f39bd46a2d7bac967a83bf800ed17274d2f490c4723e40f3439e1ab9282c147"
"md","workflow-stitch","wds","wds/workflows/6-asset-generation/workflow-stitch.md","8d1c6875708ee9d728377b06dd0de00048acc0f0faeeac0578b368060e0ae97c"
"md","workflow-suggest","wds","wds/workflows/4-ux-design/workflow-suggest.md","4fb3fa0bc31fb68fda7deed3b6a562f6b387f6cfaf4fe803e1ce8e6fd5c417fd"
"md","workflow-test","wds","wds/workflows/8-product-evolution/workflow-test.md","1a8d3869dc7face05313cb9f3265ee0adf60befe3e61b25e11c001ae15d7b5f2"
"md","workflow-ui-elements","wds","wds/workflows/6-asset-generation/workflow-ui-elements.md","6280282e5e40172b87cd02b00acadc28eb4fe67a20d31a336ad8f32fe6b0b920"
"md","workflow-validate","wds","wds/workflows/1-project-brief/workflow-validate.md","efade596792daa75480a424cd55208685d0337d045a0c9066c73cff2382efc21"
"md","workflow-validate","wds","wds/workflows/2-trigger-mapping/workflow-validate.md","eaab969ec1831b017a60d0b48ae16c125fdb9f1342d2cad1dc509252fc280215"
"md","workflow-validate","wds","wds/workflows/3-scenarios/workflow-validate.md","c3309121d9a11541d3bdd8f5572cf3839bf493b101be97990ca888137ebe6983"
"md","workflow-validate","wds","wds/workflows/4-ux-design/workflow-validate.md","9a44a0bb86fa2609537dbe81c174fbd3b73cba5237dada1306d2225d02227a50"
"md","workflow-videos","wds","wds/workflows/6-asset-generation/workflow-videos.md","8a2efb15c497be5d648d919deb8706c42959aec1e3f5800dc3f6710f9144e247"
"md","workflow-view","wds","wds/workflows/7-design-system/workflow-view.md","cbb5aedce610904bddf8418e8dc2f2ff48d2bffe8380fc33aab9fef4014349cd"
"md","workflow-visual","wds","wds/workflows/4-ux-design/workflow-visual.md","358b3d3009403646d8f7259930d4bbc7ad0af1f60cfa278b5f8cafe05bb43481"
"md","workflow-wireframes","wds","wds/workflows/6-asset-generation/workflow-wireframes.md","7af3e70d734e9556f53a33039d4f549c90391b8453cbaff17d380fb6faf062cf"
"md","working-with-existing-materials","wds","wds/data/agent-guides/saga/working-with-existing-materials.md","7e539e21c8ecea8488dc869d554cfc391a4a33a777f8ffe994578bf10062286a"
"md","workshop-c-placeholder-pages","wds","wds/workflows/4-ux-design/data/page-creation-flows/workshop-c-placeholder-pages.md","4af728531656fc7e8143426b6a541a608e7cd3b769dc002b89028bdcfbf6b709"
"md","workshop-page-creation","wds","wds/workflows/4-ux-design/data/page-creation-flows/workshop-page-creation.md","a78220922edc9ce0d3ddbff5cb295131a0989f2f1fd8f4d4089ea6c135c6fa9a"
"md","workshop-page-process","wds","wds/workflows/4-ux-design/data/page-creation-flows/workshop-page-process.md","7cb2560753858174833f6e9859b83fa38b96af0941e1af84fa829b5a9a871273"
"yaml","config","wds","wds/config.yaml","b006b687790d14a658374b46594b3e90bf721bf4d39b41ce3ed64266680dde3e"
"yaml","design-delivery.template","wds","wds/workflows/4-ux-design/templates/design-delivery.template.yaml","90f89ab05cfedb482866af69bfb78e4b466b3772ce99ebca835a1b0790f2c957"
"yaml","platform-requirements.template","wds","wds/workflows/1-project-brief/templates/platform-requirements.template.yaml","35c1c99f144f6ab59a20257f735a25bdea6ebfff21854b7cf62f361fcf2643e6"
"yaml","test-scenario.template","wds","wds/workflows/4-ux-design/templates/test-scenario.template.yaml","569a9395d560a98bf051832da082deec61b56176fea2131c6c178e06867354d4"
"yaml","work-file-template","wds","wds/workflows/5-agentic-development/templates/work-file-template.yaml","a11370277e14a50678069808e979239e17ecab181cadd4e984b4999d84eb521f"
